{"filter":false,"title":"contact.json","tooltip":"/.c9/HCC2/model/contact.json","undoManager":{"mark":0,"position":0,"stack":[[{"start":{"row":30,"column":0},"end":{"row":36,"column":0},"action":"insert","lines":["    },","    {","        \"name\": \"x\",","        \"id\": 463,","        \"Comment\": \"xx\",","        \"email\": \"xx\"",""],"id":2,"ignore":true}]]},"ace":{"folds":[],"scrolltop":0,"scrollleft":0,"selection":{"start":{"row":0,"column":0},"end":{"row":0,"column":0},"isBackwards":false},"options":{"guessTabSize":true,"useWrapMode":false,"wrapToView":true},"firstLineState":{"row":239,"mode":"ace/mode/json"}},"timestamp":1543932209693,"hash":"eea667641d752cbdd0a1df20b4812c99c0e09db5"}