{"filter":false,"title":"items.json","tooltip":"/.c9/HCC2/model/items.json","undoManager":{"mark":100,"position":100,"stack":[[{"start":{"row":28,"column":29},"end":{"row":28,"column":30},"action":"remove","lines":["t"],"id":264},{"start":{"row":28,"column":28},"end":{"row":28,"column":29},"action":"remove","lines":["i"]}],[{"start":{"row":28,"column":28},"end":{"row":28,"column":29},"action":"insert","lines":["o"],"id":265},{"start":{"row":28,"column":29},"end":{"row":28,"column":30},"action":"insert","lines":["n"]},{"start":{"row":28,"column":30},"end":{"row":28,"column":31},"action":"insert","lines":["t"]},{"start":{"row":28,"column":31},"end":{"row":28,"column":32},"action":"insert","lines":["r"]},{"start":{"row":28,"column":32},"end":{"row":28,"column":33},"action":"insert","lines":["o"]},{"start":{"row":28,"column":33},"end":{"row":28,"column":34},"action":"insert","lines":["l"]}],[{"start":{"row":28,"column":34},"end":{"row":28,"column":35},"action":"insert","lines":[" "],"id":266},{"start":{"row":28,"column":35},"end":{"row":28,"column":36},"action":"insert","lines":["3"]},{"start":{"row":28,"column":36},"end":{"row":28,"column":37},"action":"insert","lines":["0"]}],[{"start":{"row":28,"column":37},"end":{"row":28,"column":38},"action":"insert","lines":[" "],"id":267},{"start":{"row":28,"column":38},"end":{"row":28,"column":39},"action":"insert","lines":["B"]},{"start":{"row":28,"column":39},"end":{"row":28,"column":40},"action":"insert","lines":["l"]},{"start":{"row":28,"column":40},"end":{"row":28,"column":41},"action":"insert","lines":["u"]},{"start":{"row":28,"column":41},"end":{"row":28,"column":42},"action":"insert","lines":["e"]},{"start":{"row":28,"column":42},"end":{"row":28,"column":43},"action":"insert","lines":["t"]}],[{"start":{"row":28,"column":43},"end":{"row":28,"column":44},"action":"insert","lines":["o"],"id":268},{"start":{"row":28,"column":44},"end":{"row":28,"column":45},"action":"insert","lines":["o"]},{"start":{"row":28,"column":45},"end":{"row":28,"column":46},"action":"insert","lines":["t"]},{"start":{"row":28,"column":46},"end":{"row":28,"column":47},"action":"insert","lines":["h"]}],[{"start":{"row":28,"column":47},"end":{"row":28,"column":48},"action":"insert","lines":[" "],"id":269},{"start":{"row":28,"column":48},"end":{"row":28,"column":49},"action":"insert","lines":["E"]},{"start":{"row":28,"column":49},"end":{"row":28,"column":50},"action":"insert","lines":["a"]},{"start":{"row":28,"column":50},"end":{"row":28,"column":51},"action":"insert","lines":["r"]},{"start":{"row":28,"column":51},"end":{"row":28,"column":52},"action":"insert","lines":["p"]},{"start":{"row":28,"column":52},"end":{"row":28,"column":53},"action":"insert","lines":["h"]},{"start":{"row":28,"column":53},"end":{"row":28,"column":54},"action":"insert","lines":["o"]},{"start":{"row":28,"column":54},"end":{"row":28,"column":55},"action":"insert","lines":["n"]},{"start":{"row":28,"column":55},"end":{"row":28,"column":56},"action":"insert","lines":["e"]},{"start":{"row":28,"column":56},"end":{"row":28,"column":57},"action":"insert","lines":["s"]}],[{"start":{"row":29,"column":16},"end":{"row":29,"column":17},"action":"remove","lines":["2"],"id":270},{"start":{"row":29,"column":15},"end":{"row":29,"column":16},"action":"remove","lines":["6"]},{"start":{"row":29,"column":14},"end":{"row":29,"column":15},"action":"remove","lines":["4"]}],[{"start":{"row":29,"column":14},"end":{"row":29,"column":15},"action":"insert","lines":["5"],"id":271}],[{"start":{"row":30,"column":20},"end":{"row":30,"column":21},"action":"remove","lines":["x"],"id":272}],[{"start":{"row":30,"column":20},"end":{"row":30,"column":21},"action":"insert","lines":["T"],"id":273},{"start":{"row":30,"column":21},"end":{"row":30,"column":22},"action":"insert","lines":["h"]},{"start":{"row":30,"column":22},"end":{"row":30,"column":23},"action":"insert","lines":["e"]},{"start":{"row":30,"column":23},"end":{"row":30,"column":24},"action":"insert","lines":["y"]}],[{"start":{"row":30,"column":24},"end":{"row":30,"column":25},"action":"insert","lines":[" "],"id":274},{"start":{"row":30,"column":25},"end":{"row":30,"column":26},"action":"insert","lines":["a"]},{"start":{"row":30,"column":26},"end":{"row":30,"column":27},"action":"insert","lines":["r"]},{"start":{"row":30,"column":27},"end":{"row":30,"column":28},"action":"insert","lines":["e"]}],[{"start":{"row":30,"column":28},"end":{"row":30,"column":29},"action":"insert","lines":[" "],"id":275},{"start":{"row":30,"column":29},"end":{"row":30,"column":30},"action":"insert","lines":["i"]},{"start":{"row":30,"column":30},"end":{"row":30,"column":31},"action":"insert","lines":["n"]}],[{"start":{"row":30,"column":31},"end":{"row":30,"column":32},"action":"insert","lines":[" "],"id":276},{"start":{"row":30,"column":32},"end":{"row":30,"column":33},"action":"insert","lines":["e"]},{"start":{"row":30,"column":33},"end":{"row":30,"column":34},"action":"insert","lines":["a"]},{"start":{"row":30,"column":34},"end":{"row":30,"column":35},"action":"insert","lines":["r"]},{"start":{"row":30,"column":35},"end":{"row":30,"column":36},"action":"insert","lines":[","]},{"start":{"row":30,"column":36},"end":{"row":30,"column":37},"action":"insert","lines":["n"]},{"start":{"row":30,"column":37},"end":{"row":30,"column":38},"action":"insert","lines":["o"]},{"start":{"row":30,"column":38},"end":{"row":30,"column":39},"action":"insert","lines":["i"]},{"start":{"row":30,"column":39},"end":{"row":30,"column":40},"action":"insert","lines":["s"]},{"start":{"row":30,"column":40},"end":{"row":30,"column":41},"action":"insert","lines":["e"]}],[{"start":{"row":30,"column":41},"end":{"row":30,"column":42},"action":"insert","lines":[" "],"id":277},{"start":{"row":30,"column":42},"end":{"row":30,"column":43},"action":"insert","lines":["c"]},{"start":{"row":30,"column":43},"end":{"row":30,"column":44},"action":"insert","lines":["a"]},{"start":{"row":30,"column":44},"end":{"row":30,"column":45},"action":"insert","lines":["n"]},{"start":{"row":30,"column":45},"end":{"row":30,"column":46},"action":"insert","lines":["c"]},{"start":{"row":30,"column":46},"end":{"row":30,"column":47},"action":"insert","lines":["e"]},{"start":{"row":30,"column":47},"end":{"row":30,"column":48},"action":"insert","lines":["l"]},{"start":{"row":30,"column":48},"end":{"row":30,"column":49},"action":"insert","lines":["l"]},{"start":{"row":30,"column":49},"end":{"row":30,"column":50},"action":"insert","lines":["i"]},{"start":{"row":30,"column":50},"end":{"row":30,"column":51},"action":"insert","lines":["n"]},{"start":{"row":30,"column":51},"end":{"row":30,"column":52},"action":"insert","lines":["g"]}],[{"start":{"row":30,"column":52},"end":{"row":30,"column":53},"action":"insert","lines":[" "],"id":278},{"start":{"row":30,"column":53},"end":{"row":30,"column":54},"action":"insert","lines":["b"]},{"start":{"row":30,"column":54},"end":{"row":30,"column":55},"action":"insert","lines":["l"]},{"start":{"row":30,"column":55},"end":{"row":30,"column":56},"action":"insert","lines":["u"]},{"start":{"row":30,"column":56},"end":{"row":30,"column":57},"action":"insert","lines":["e"]},{"start":{"row":30,"column":57},"end":{"row":30,"column":58},"action":"insert","lines":["t"]},{"start":{"row":30,"column":58},"end":{"row":30,"column":59},"action":"insert","lines":["o"]},{"start":{"row":30,"column":59},"end":{"row":30,"column":60},"action":"insert","lines":["o"]},{"start":{"row":30,"column":60},"end":{"row":30,"column":61},"action":"insert","lines":["t"]},{"start":{"row":30,"column":61},"end":{"row":30,"column":62},"action":"insert","lines":["h"]}],[{"start":{"row":30,"column":62},"end":{"row":30,"column":63},"action":"insert","lines":[" "],"id":279},{"start":{"row":30,"column":63},"end":{"row":30,"column":64},"action":"insert","lines":["h"]},{"start":{"row":30,"column":64},"end":{"row":30,"column":65},"action":"insert","lines":["e"]},{"start":{"row":30,"column":65},"end":{"row":30,"column":66},"action":"insert","lines":["a"]},{"start":{"row":30,"column":66},"end":{"row":30,"column":67},"action":"insert","lines":["d"]},{"start":{"row":30,"column":67},"end":{"row":30,"column":68},"action":"insert","lines":["p"]},{"start":{"row":30,"column":68},"end":{"row":30,"column":69},"action":"insert","lines":["h"]},{"start":{"row":30,"column":69},"end":{"row":30,"column":70},"action":"insert","lines":["o"]},{"start":{"row":30,"column":70},"end":{"row":30,"column":71},"action":"insert","lines":["n"]},{"start":{"row":30,"column":71},"end":{"row":30,"column":72},"action":"insert","lines":["e"]},{"start":{"row":30,"column":72},"end":{"row":30,"column":73},"action":"insert","lines":["s"]}],[{"start":{"row":30,"column":73},"end":{"row":30,"column":74},"action":"insert","lines":[" "],"id":280},{"start":{"row":30,"column":74},"end":{"row":30,"column":75},"action":"insert","lines":["w"]},{"start":{"row":30,"column":75},"end":{"row":30,"column":76},"action":"insert","lines":["i"]},{"start":{"row":30,"column":76},"end":{"row":30,"column":77},"action":"insert","lines":["t"]},{"start":{"row":30,"column":77},"end":{"row":30,"column":78},"action":"insert","lines":["h"]}],[{"start":{"row":30,"column":78},"end":{"row":30,"column":79},"action":"insert","lines":[" "],"id":281},{"start":{"row":30,"column":79},"end":{"row":30,"column":80},"action":"insert","lines":["a"]}],[{"start":{"row":30,"column":80},"end":{"row":30,"column":81},"action":"insert","lines":[" "],"id":282},{"start":{"row":30,"column":81},"end":{"row":30,"column":82},"action":"insert","lines":["b"]},{"start":{"row":30,"column":82},"end":{"row":30,"column":83},"action":"insert","lines":["a"]},{"start":{"row":30,"column":83},"end":{"row":30,"column":84},"action":"insert","lines":["t"]},{"start":{"row":30,"column":84},"end":{"row":30,"column":85},"action":"insert","lines":["t"]},{"start":{"row":30,"column":85},"end":{"row":30,"column":86},"action":"insert","lines":["e"]},{"start":{"row":30,"column":86},"end":{"row":30,"column":87},"action":"insert","lines":["r"]},{"start":{"row":30,"column":87},"end":{"row":30,"column":88},"action":"insert","lines":["y"]}],[{"start":{"row":30,"column":88},"end":{"row":30,"column":89},"action":"insert","lines":[" "],"id":283},{"start":{"row":30,"column":89},"end":{"row":30,"column":90},"action":"insert","lines":["t"]},{"start":{"row":30,"column":90},"end":{"row":30,"column":91},"action":"insert","lines":["h"]},{"start":{"row":30,"column":91},"end":{"row":30,"column":92},"action":"insert","lines":["a"]},{"start":{"row":30,"column":92},"end":{"row":30,"column":93},"action":"insert","lines":["t"]}],[{"start":{"row":30,"column":93},"end":{"row":30,"column":94},"action":"insert","lines":[" "],"id":284},{"start":{"row":30,"column":94},"end":{"row":30,"column":95},"action":"insert","lines":["w"]},{"start":{"row":30,"column":95},"end":{"row":30,"column":96},"action":"insert","lines":["i"]},{"start":{"row":30,"column":96},"end":{"row":30,"column":97},"action":"insert","lines":["l"]},{"start":{"row":30,"column":97},"end":{"row":30,"column":98},"action":"insert","lines":["l"]}],[{"start":{"row":30,"column":98},"end":{"row":30,"column":99},"action":"insert","lines":[" "],"id":285},{"start":{"row":30,"column":99},"end":{"row":30,"column":100},"action":"insert","lines":["g"]},{"start":{"row":30,"column":100},"end":{"row":30,"column":101},"action":"insert","lines":["o"]}],[{"start":{"row":30,"column":101},"end":{"row":30,"column":102},"action":"insert","lines":[" "],"id":286},{"start":{"row":30,"column":102},"end":{"row":30,"column":103},"action":"insert","lines":["a"]},{"start":{"row":30,"column":103},"end":{"row":30,"column":104},"action":"insert","lines":["l"]},{"start":{"row":30,"column":104},"end":{"row":30,"column":105},"action":"insert","lines":["l"]}],[{"start":{"row":30,"column":105},"end":{"row":30,"column":106},"action":"insert","lines":[" "],"id":287},{"start":{"row":30,"column":106},"end":{"row":30,"column":107},"action":"insert","lines":["d"]},{"start":{"row":30,"column":107},"end":{"row":30,"column":108},"action":"insert","lines":["a"]},{"start":{"row":30,"column":108},"end":{"row":30,"column":109},"action":"insert","lines":["y"]}],[{"start":{"row":31,"column":18},"end":{"row":31,"column":19},"action":"remove","lines":["x"],"id":288}],[{"start":{"row":19,"column":44},"end":{"row":19,"column":45},"action":"insert","lines":[","],"id":289}],[{"start":{"row":19,"column":45},"end":{"row":20,"column":0},"action":"insert","lines":["",""],"id":290},{"start":{"row":20,"column":0},"end":{"row":20,"column":8},"action":"insert","lines":["        "]}],[{"start":{"row":20,"column":8},"end":{"row":20,"column":22},"action":"insert","lines":["\"price\": \"450\""],"id":291}],[{"start":{"row":20,"column":19},"end":{"row":20,"column":20},"action":"remove","lines":["5"],"id":292},{"start":{"row":20,"column":18},"end":{"row":20,"column":19},"action":"remove","lines":["4"]}],[{"start":{"row":20,"column":18},"end":{"row":20,"column":19},"action":"insert","lines":["7"],"id":293},{"start":{"row":20,"column":19},"end":{"row":20,"column":20},"action":"insert","lines":["3"]}],[{"start":{"row":26,"column":41},"end":{"row":26,"column":42},"action":"insert","lines":[","],"id":294}],[{"start":{"row":26,"column":42},"end":{"row":27,"column":0},"action":"insert","lines":["",""],"id":295},{"start":{"row":27,"column":0},"end":{"row":27,"column":8},"action":"insert","lines":["        "]}],[{"start":{"row":27,"column":8},"end":{"row":27,"column":22},"action":"insert","lines":["\"price\": \"450\""],"id":296}],[{"start":{"row":27,"column":20},"end":{"row":27,"column":21},"action":"remove","lines":["0"],"id":297},{"start":{"row":27,"column":19},"end":{"row":27,"column":20},"action":"remove","lines":["5"]},{"start":{"row":27,"column":18},"end":{"row":27,"column":19},"action":"remove","lines":["4"]}],[{"start":{"row":27,"column":18},"end":{"row":27,"column":19},"action":"insert","lines":["6"],"id":298},{"start":{"row":27,"column":19},"end":{"row":27,"column":20},"action":"insert","lines":["5"]},{"start":{"row":27,"column":20},"end":{"row":27,"column":21},"action":"insert","lines":["0"]}],[{"start":{"row":33,"column":18},"end":{"row":33,"column":19},"action":"insert","lines":["j"],"id":299},{"start":{"row":33,"column":19},"end":{"row":33,"column":20},"action":"insert","lines":["o"]},{"start":{"row":33,"column":20},"end":{"row":33,"column":21},"action":"insert","lines":["h"]},{"start":{"row":33,"column":21},"end":{"row":33,"column":22},"action":"insert","lines":["n"]},{"start":{"row":33,"column":22},"end":{"row":33,"column":23},"action":"insert","lines":["m"]},{"start":{"row":33,"column":23},"end":{"row":33,"column":24},"action":"insert","lines":["u"]},{"start":{"row":33,"column":24},"end":{"row":33,"column":25},"action":"insert","lines":["r"]}],[{"start":{"row":33,"column":25},"end":{"row":33,"column":26},"action":"insert","lines":["p"],"id":300},{"start":{"row":33,"column":26},"end":{"row":33,"column":27},"action":"insert","lines":["h"]},{"start":{"row":33,"column":27},"end":{"row":33,"column":28},"action":"insert","lines":["y"]},{"start":{"row":33,"column":28},"end":{"row":33,"column":29},"action":"insert","lines":["@"]}],[{"start":{"row":33,"column":29},"end":{"row":33,"column":30},"action":"insert","lines":["h"],"id":301},{"start":{"row":33,"column":30},"end":{"row":33,"column":31},"action":"insert","lines":["o"]},{"start":{"row":33,"column":31},"end":{"row":33,"column":32},"action":"insert","lines":["t"]},{"start":{"row":33,"column":32},"end":{"row":33,"column":33},"action":"insert","lines":["m"]},{"start":{"row":33,"column":33},"end":{"row":33,"column":34},"action":"insert","lines":["a"]},{"start":{"row":33,"column":34},"end":{"row":33,"column":35},"action":"insert","lines":["i"]},{"start":{"row":33,"column":35},"end":{"row":33,"column":36},"action":"insert","lines":["l"]},{"start":{"row":33,"column":36},"end":{"row":33,"column":37},"action":"insert","lines":["."]}],[{"start":{"row":33,"column":37},"end":{"row":33,"column":38},"action":"insert","lines":["u"],"id":302}],[{"start":{"row":33,"column":37},"end":{"row":33,"column":38},"action":"remove","lines":["u"],"id":303}],[{"start":{"row":33,"column":37},"end":{"row":33,"column":38},"action":"insert","lines":["c"],"id":304},{"start":{"row":33,"column":38},"end":{"row":33,"column":39},"action":"insert","lines":["o"]},{"start":{"row":33,"column":39},"end":{"row":33,"column":40},"action":"insert","lines":["."]}],[{"start":{"row":33,"column":39},"end":{"row":33,"column":40},"action":"remove","lines":["."],"id":305},{"start":{"row":33,"column":38},"end":{"row":33,"column":39},"action":"remove","lines":["o"]},{"start":{"row":33,"column":37},"end":{"row":33,"column":38},"action":"remove","lines":["c"]}],[{"start":{"row":33,"column":37},"end":{"row":33,"column":38},"action":"insert","lines":["c"],"id":306},{"start":{"row":33,"column":38},"end":{"row":33,"column":39},"action":"insert","lines":["o"]},{"start":{"row":33,"column":39},"end":{"row":33,"column":40},"action":"insert","lines":["m"]}],[{"start":{"row":33,"column":41},"end":{"row":33,"column":42},"action":"insert","lines":[","],"id":307}],[{"start":{"row":33,"column":42},"end":{"row":34,"column":0},"action":"insert","lines":["",""],"id":308},{"start":{"row":34,"column":0},"end":{"row":34,"column":8},"action":"insert","lines":["        "]}],[{"start":{"row":34,"column":8},"end":{"row":34,"column":22},"action":"insert","lines":["\"price\": \"450\""],"id":309}],[{"start":{"row":34,"column":19},"end":{"row":34,"column":20},"action":"remove","lines":["5"],"id":310},{"start":{"row":34,"column":18},"end":{"row":34,"column":19},"action":"remove","lines":["4"]}],[{"start":{"row":34,"column":18},"end":{"row":34,"column":19},"action":"insert","lines":["1"],"id":311},{"start":{"row":34,"column":19},"end":{"row":34,"column":20},"action":"insert","lines":["9"]}],[{"start":{"row":55,"column":3},"end":{"row":61,"column":9},"action":"remove","lines":["     \"name\": \"s\",","        \"id\": 466,","        \"Comment\": \"s\",","        \"email\": [","            \"s\",","            \"s\"","        ]"],"id":312},{"start":{"row":55,"column":2},"end":{"row":55,"column":3},"action":"remove","lines":[" "]},{"start":{"row":55,"column":1},"end":{"row":55,"column":2},"action":"remove","lines":[" "]},{"start":{"row":55,"column":0},"end":{"row":55,"column":1},"action":"remove","lines":[" "]},{"start":{"row":54,"column":5},"end":{"row":55,"column":0},"action":"remove","lines":["",""]},{"start":{"row":54,"column":4},"end":{"row":54,"column":5},"action":"remove","lines":["{"]}],[{"start":{"row":55,"column":4},"end":{"row":55,"column":5},"action":"remove","lines":["}"],"id":313}],[{"start":{"row":37,"column":17},"end":{"row":37,"column":18},"action":"remove","lines":["a"],"id":314}],[{"start":{"row":37,"column":17},"end":{"row":37,"column":18},"action":"insert","lines":["i"],"id":315},{"start":{"row":37,"column":18},"end":{"row":37,"column":19},"action":"insert","lines":["P"]},{"start":{"row":37,"column":19},"end":{"row":37,"column":20},"action":"insert","lines":["a"]},{"start":{"row":37,"column":20},"end":{"row":37,"column":21},"action":"insert","lines":["d"]}],[{"start":{"row":37,"column":21},"end":{"row":37,"column":22},"action":"insert","lines":[" "],"id":316},{"start":{"row":37,"column":22},"end":{"row":37,"column":23},"action":"insert","lines":["P"]},{"start":{"row":37,"column":23},"end":{"row":37,"column":24},"action":"insert","lines":["r"]},{"start":{"row":37,"column":24},"end":{"row":37,"column":25},"action":"insert","lines":["o"]}],[{"start":{"row":37,"column":25},"end":{"row":37,"column":26},"action":"insert","lines":[" "],"id":317},{"start":{"row":37,"column":26},"end":{"row":37,"column":27},"action":"insert","lines":["1"]},{"start":{"row":37,"column":27},"end":{"row":37,"column":28},"action":"insert","lines":["0"]},{"start":{"row":37,"column":28},"end":{"row":37,"column":29},"action":"insert","lines":["."]},{"start":{"row":37,"column":29},"end":{"row":37,"column":30},"action":"insert","lines":["5"]}],[{"start":{"row":37,"column":30},"end":{"row":37,"column":31},"action":"insert","lines":[" "],"id":318},{"start":{"row":37,"column":31},"end":{"row":37,"column":32},"action":"insert","lines":["i"]},{"start":{"row":37,"column":32},"end":{"row":37,"column":33},"action":"insert","lines":["n"]},{"start":{"row":37,"column":33},"end":{"row":37,"column":34},"action":"insert","lines":["c"]},{"start":{"row":37,"column":34},"end":{"row":37,"column":35},"action":"insert","lines":["h"]}],[{"start":{"row":38,"column":16},"end":{"row":38,"column":17},"action":"remove","lines":["3"],"id":319},{"start":{"row":38,"column":15},"end":{"row":38,"column":16},"action":"remove","lines":["6"]},{"start":{"row":38,"column":14},"end":{"row":38,"column":15},"action":"remove","lines":["4"]}],[{"start":{"row":38,"column":14},"end":{"row":38,"column":15},"action":"insert","lines":["6"],"id":320}],[{"start":{"row":39,"column":20},"end":{"row":39,"column":21},"action":"remove","lines":["a"],"id":321}],[{"start":{"row":39,"column":20},"end":{"row":39,"column":21},"action":"insert","lines":["2"],"id":322},{"start":{"row":39,"column":21},"end":{"row":39,"column":22},"action":"insert","lines":["0"]},{"start":{"row":39,"column":22},"end":{"row":39,"column":23},"action":"insert","lines":["1"]},{"start":{"row":39,"column":23},"end":{"row":39,"column":24},"action":"insert","lines":["7"]}],[{"start":{"row":39,"column":24},"end":{"row":39,"column":25},"action":"insert","lines":[" "],"id":323},{"start":{"row":39,"column":25},"end":{"row":39,"column":26},"action":"insert","lines":["i"]},{"start":{"row":39,"column":26},"end":{"row":39,"column":27},"action":"insert","lines":["P"]},{"start":{"row":39,"column":27},"end":{"row":39,"column":28},"action":"insert","lines":["a"]},{"start":{"row":39,"column":28},"end":{"row":39,"column":29},"action":"insert","lines":["d"]}],[{"start":{"row":39,"column":29},"end":{"row":39,"column":30},"action":"insert","lines":[" "],"id":324},{"start":{"row":39,"column":30},"end":{"row":39,"column":31},"action":"insert","lines":["P"]},{"start":{"row":39,"column":31},"end":{"row":39,"column":32},"action":"insert","lines":["r"]},{"start":{"row":39,"column":32},"end":{"row":39,"column":33},"action":"insert","lines":["o"]},{"start":{"row":39,"column":33},"end":{"row":39,"column":34},"action":"insert","lines":[","]}],[{"start":{"row":39,"column":34},"end":{"row":39,"column":35},"action":"insert","lines":[" "],"id":325},{"start":{"row":39,"column":35},"end":{"row":39,"column":36},"action":"insert","lines":["G"]},{"start":{"row":39,"column":36},"end":{"row":39,"column":37},"action":"insert","lines":["o"]},{"start":{"row":39,"column":37},"end":{"row":39,"column":38},"action":"insert","lines":["l"]},{"start":{"row":39,"column":38},"end":{"row":39,"column":39},"action":"insert","lines":["d"]}],[{"start":{"row":39,"column":39},"end":{"row":39,"column":40},"action":"insert","lines":[" "],"id":326},{"start":{"row":39,"column":40},"end":{"row":39,"column":41},"action":"insert","lines":["2"]},{"start":{"row":39,"column":41},"end":{"row":39,"column":42},"action":"insert","lines":["5"]},{"start":{"row":39,"column":42},"end":{"row":39,"column":43},"action":"insert","lines":["6"]}],[{"start":{"row":39,"column":43},"end":{"row":39,"column":44},"action":"insert","lines":[" "],"id":327},{"start":{"row":39,"column":44},"end":{"row":39,"column":45},"action":"insert","lines":["G"]},{"start":{"row":39,"column":45},"end":{"row":39,"column":46},"action":"insert","lines":["B"]}],[{"start":{"row":40,"column":18},"end":{"row":40,"column":19},"action":"remove","lines":["a"],"id":328}],[{"start":{"row":40,"column":18},"end":{"row":40,"column":19},"action":"insert","lines":["o"],"id":329},{"start":{"row":40,"column":19},"end":{"row":40,"column":20},"action":"insert","lines":["r"]},{"start":{"row":40,"column":20},"end":{"row":40,"column":21},"action":"insert","lines":["l"]},{"start":{"row":40,"column":21},"end":{"row":40,"column":22},"action":"insert","lines":["a"]},{"start":{"row":40,"column":22},"end":{"row":40,"column":23},"action":"insert","lines":["i"]},{"start":{"row":40,"column":23},"end":{"row":40,"column":24},"action":"insert","lines":["t"]},{"start":{"row":40,"column":24},"end":{"row":40,"column":25},"action":"insert","lines":["h"]},{"start":{"row":40,"column":25},"end":{"row":40,"column":26},"action":"insert","lines":["h"]},{"start":{"row":40,"column":26},"end":{"row":40,"column":27},"action":"insert","lines":["o"]},{"start":{"row":40,"column":27},"end":{"row":40,"column":28},"action":"insert","lines":["g"]},{"start":{"row":40,"column":28},"end":{"row":40,"column":29},"action":"insert","lines":["a"]},{"start":{"row":40,"column":29},"end":{"row":40,"column":30},"action":"insert","lines":["n"]}],[{"start":{"row":40,"column":30},"end":{"row":40,"column":31},"action":"insert","lines":["7"],"id":330},{"start":{"row":40,"column":31},"end":{"row":40,"column":32},"action":"insert","lines":["7"]},{"start":{"row":40,"column":32},"end":{"row":40,"column":33},"action":"insert","lines":["@"]},{"start":{"row":40,"column":33},"end":{"row":40,"column":34},"action":"insert","lines":["g"]},{"start":{"row":40,"column":34},"end":{"row":40,"column":35},"action":"insert","lines":["m"]},{"start":{"row":40,"column":35},"end":{"row":40,"column":36},"action":"insert","lines":["a"]},{"start":{"row":40,"column":36},"end":{"row":40,"column":37},"action":"insert","lines":["i"]},{"start":{"row":40,"column":37},"end":{"row":40,"column":38},"action":"insert","lines":["l"]}],[{"start":{"row":40,"column":38},"end":{"row":40,"column":39},"action":"insert","lines":["."],"id":331},{"start":{"row":40,"column":39},"end":{"row":40,"column":40},"action":"insert","lines":["c"]},{"start":{"row":40,"column":40},"end":{"row":40,"column":41},"action":"insert","lines":["o"]},{"start":{"row":40,"column":41},"end":{"row":40,"column":42},"action":"insert","lines":["m"]}],[{"start":{"row":40,"column":43},"end":{"row":40,"column":44},"action":"insert","lines":[","],"id":332}],[{"start":{"row":40,"column":44},"end":{"row":41,"column":0},"action":"insert","lines":["",""],"id":333},{"start":{"row":41,"column":0},"end":{"row":41,"column":8},"action":"insert","lines":["        "]}],[{"start":{"row":41,"column":8},"end":{"row":41,"column":22},"action":"insert","lines":["\"price\": \"450\""],"id":334}],[{"start":{"row":41,"column":19},"end":{"row":41,"column":20},"action":"remove","lines":["5"],"id":335},{"start":{"row":41,"column":18},"end":{"row":41,"column":19},"action":"remove","lines":["4"]}],[{"start":{"row":41,"column":18},"end":{"row":41,"column":19},"action":"insert","lines":["8"],"id":336},{"start":{"row":41,"column":19},"end":{"row":41,"column":20},"action":"insert","lines":["0"]},{"start":{"row":41,"column":20},"end":{"row":41,"column":21},"action":"insert","lines":["0"]}],[{"start":{"row":41,"column":20},"end":{"row":41,"column":21},"action":"remove","lines":["0"],"id":337}],[{"start":{"row":44,"column":17},"end":{"row":44,"column":18},"action":"remove","lines":["s"],"id":338}],[{"start":{"row":44,"column":17},"end":{"row":44,"column":18},"action":"insert","lines":["L"],"id":339},{"start":{"row":44,"column":18},"end":{"row":44,"column":19},"action":"insert","lines":["e"]},{"start":{"row":44,"column":19},"end":{"row":44,"column":20},"action":"insert","lines":["n"]},{"start":{"row":44,"column":20},"end":{"row":44,"column":21},"action":"insert","lines":["o"]}],[{"start":{"row":44,"column":21},"end":{"row":44,"column":22},"action":"insert","lines":["v"],"id":340},{"start":{"row":44,"column":22},"end":{"row":44,"column":23},"action":"insert","lines":["o"]}],[{"start":{"row":44,"column":23},"end":{"row":44,"column":24},"action":"insert","lines":[" "],"id":341},{"start":{"row":44,"column":24},"end":{"row":44,"column":25},"action":"insert","lines":["T"]}],[{"start":{"row":44,"column":24},"end":{"row":44,"column":25},"action":"remove","lines":["T"],"id":342}],[{"start":{"row":44,"column":24},"end":{"row":44,"column":25},"action":"insert","lines":["T"],"id":343},{"start":{"row":44,"column":25},"end":{"row":44,"column":26},"action":"insert","lines":["p"]}],[{"start":{"row":44,"column":26},"end":{"row":44,"column":27},"action":"insert","lines":[" "],"id":344},{"start":{"row":44,"column":27},"end":{"row":44,"column":28},"action":"insert","lines":["w"]}],[{"start":{"row":44,"column":28},"end":{"row":44,"column":29},"action":"insert","lines":["5"],"id":345},{"start":{"row":44,"column":29},"end":{"row":44,"column":30},"action":"insert","lines":["4"]},{"start":{"row":44,"column":30},"end":{"row":44,"column":31},"action":"insert","lines":["0"]}],[{"start":{"row":44,"column":31},"end":{"row":44,"column":32},"action":"insert","lines":[" "],"id":346},{"start":{"row":44,"column":32},"end":{"row":44,"column":33},"action":"insert","lines":["I"]},{"start":{"row":44,"column":33},"end":{"row":44,"column":34},"action":"insert","lines":["7"]}],[{"start":{"row":44,"column":34},"end":{"row":44,"column":35},"action":"insert","lines":[" "],"id":347},{"start":{"row":44,"column":35},"end":{"row":44,"column":36},"action":"insert","lines":["2"]},{"start":{"row":44,"column":36},"end":{"row":44,"column":37},"action":"insert","lines":["."]}],[{"start":{"row":44,"column":37},"end":{"row":44,"column":38},"action":"insert","lines":["7"],"id":348},{"start":{"row":44,"column":38},"end":{"row":44,"column":39},"action":"insert","lines":["g"]},{"start":{"row":44,"column":39},"end":{"row":44,"column":40},"action":"insert","lines":["h"]}],[{"start":{"row":44,"column":40},"end":{"row":44,"column":41},"action":"insert","lines":["z"],"id":349}],[{"start":{"row":44,"column":41},"end":{"row":44,"column":42},"action":"insert","lines":[" "],"id":350}],[{"start":{"row":45,"column":16},"end":{"row":45,"column":17},"action":"remove","lines":["4"],"id":351},{"start":{"row":45,"column":15},"end":{"row":45,"column":16},"action":"remove","lines":["6"]},{"start":{"row":45,"column":14},"end":{"row":45,"column":15},"action":"remove","lines":["4"]}],[{"start":{"row":45,"column":14},"end":{"row":45,"column":15},"action":"insert","lines":["7"],"id":352}],[{"start":{"row":46,"column":20},"end":{"row":46,"column":21},"action":"remove","lines":["f"],"id":353}],[{"start":{"row":46,"column":20},"end":{"row":46,"column":21},"action":"insert","lines":["F"],"id":354},{"start":{"row":46,"column":21},"end":{"row":46,"column":22},"action":"insert","lines":["o"]},{"start":{"row":46,"column":22},"end":{"row":46,"column":23},"action":"insert","lines":["r"]}],[{"start":{"row":46,"column":23},"end":{"row":46,"column":24},"action":"insert","lines":[" "],"id":355},{"start":{"row":46,"column":24},"end":{"row":46,"column":25},"action":"insert","lines":["s"]},{"start":{"row":46,"column":25},"end":{"row":46,"column":26},"action":"insert","lines":["a"]},{"start":{"row":46,"column":26},"end":{"row":46,"column":27},"action":"insert","lines":["l"]},{"start":{"row":46,"column":27},"end":{"row":46,"column":28},"action":"insert","lines":["e"]}],[{"start":{"row":46,"column":28},"end":{"row":46,"column":29},"action":"insert","lines":[" "],"id":356},{"start":{"row":46,"column":29},"end":{"row":46,"column":30},"action":"insert","lines":["p"]},{"start":{"row":46,"column":30},"end":{"row":46,"column":31},"action":"insert","lines":["e"]},{"start":{"row":46,"column":31},"end":{"row":46,"column":32},"action":"insert","lines":["r"]},{"start":{"row":46,"column":32},"end":{"row":46,"column":33},"action":"insert","lines":["s"]}],[{"start":{"row":46,"column":32},"end":{"row":46,"column":33},"action":"remove","lines":["s"],"id":357}],[{"start":{"row":46,"column":32},"end":{"row":46,"column":33},"action":"insert","lines":["f"],"id":358},{"start":{"row":46,"column":33},"end":{"row":46,"column":34},"action":"insert","lines":["e"]},{"start":{"row":46,"column":34},"end":{"row":46,"column":35},"action":"insert","lines":["c"]},{"start":{"row":46,"column":35},"end":{"row":46,"column":36},"action":"insert","lines":["t"]}],[{"start":{"row":46,"column":36},"end":{"row":46,"column":37},"action":"insert","lines":[" "],"id":359},{"start":{"row":46,"column":37},"end":{"row":46,"column":38},"action":"insert","lines":["c"]},{"start":{"row":46,"column":38},"end":{"row":46,"column":39},"action":"insert","lines":["o"]},{"start":{"row":46,"column":39},"end":{"row":46,"column":40},"action":"insert","lines":["n"]},{"start":{"row":46,"column":40},"end":{"row":46,"column":41},"action":"insert","lines":["d"]},{"start":{"row":46,"column":41},"end":{"row":46,"column":42},"action":"insert","lines":["i"]},{"start":{"row":46,"column":42},"end":{"row":46,"column":43},"action":"insert","lines":["t"]},{"start":{"row":46,"column":43},"end":{"row":46,"column":44},"action":"insert","lines":["i"]},{"start":{"row":46,"column":44},"end":{"row":46,"column":45},"action":"insert","lines":["o"]},{"start":{"row":46,"column":45},"end":{"row":46,"column":46},"action":"insert","lines":["n"]}],[{"start":{"row":47,"column":18},"end":{"row":47,"column":19},"action":"remove","lines":["f"],"id":360}],[{"start":{"row":47,"column":18},"end":{"row":47,"column":19},"action":"insert","lines":["c"],"id":361},{"start":{"row":47,"column":19},"end":{"row":47,"column":20},"action":"insert","lines":["i"]},{"start":{"row":47,"column":20},"end":{"row":47,"column":21},"action":"insert","lines":["a"]},{"start":{"row":47,"column":21},"end":{"row":47,"column":22},"action":"insert","lines":["r"]},{"start":{"row":47,"column":22},"end":{"row":47,"column":23},"action":"insert","lines":["a"]},{"start":{"row":47,"column":23},"end":{"row":47,"column":24},"action":"insert","lines":["q"]},{"start":{"row":47,"column":24},"end":{"row":47,"column":25},"action":"insert","lines":["u"]}],[{"start":{"row":47,"column":25},"end":{"row":47,"column":26},"action":"insert","lines":["i"],"id":362},{"start":{"row":47,"column":26},"end":{"row":47,"column":27},"action":"insert","lines":["g"]},{"start":{"row":47,"column":27},"end":{"row":47,"column":28},"action":"insert","lines":["l"]},{"start":{"row":47,"column":28},"end":{"row":47,"column":29},"action":"insert","lines":["e"]},{"start":{"row":47,"column":29},"end":{"row":47,"column":30},"action":"insert","lines":["y"]},{"start":{"row":47,"column":30},"end":{"row":47,"column":31},"action":"insert","lines":["@"]},{"start":{"row":47,"column":31},"end":{"row":47,"column":32},"action":"insert","lines":["m"]},{"start":{"row":47,"column":32},"end":{"row":47,"column":33},"action":"insert","lines":["i"]},{"start":{"row":47,"column":33},"end":{"row":47,"column":34},"action":"insert","lines":["d"]}],[{"start":{"row":47,"column":34},"end":{"row":47,"column":35},"action":"insert","lines":["g"],"id":363},{"start":{"row":47,"column":35},"end":{"row":47,"column":36},"action":"insert","lines":["e"]},{"start":{"row":47,"column":36},"end":{"row":47,"column":37},"action":"insert","lines":["t"]},{"start":{"row":47,"column":37},"end":{"row":47,"column":38},"action":"insert","lines":["."]},{"start":{"row":47,"column":38},"end":{"row":47,"column":39},"action":"insert","lines":["c"]},{"start":{"row":47,"column":39},"end":{"row":47,"column":40},"action":"insert","lines":["o"]},{"start":{"row":47,"column":40},"end":{"row":47,"column":41},"action":"insert","lines":["m"]}],[{"start":{"row":48,"column":5},"end":{"row":54,"column":6},"action":"remove","lines":[",","    {","        \"name\": \"e\",","        \"id\": 465,","        \"Comment\": \"e\",","        \"email\": \"e\"","    },"],"id":364}]]},"ace":{"folds":[],"scrolltop":0,"scrollleft":0,"selection":{"start":{"row":0,"column":0},"end":{"row":51,"column":1},"isBackwards":true},"options":{"guessTabSize":true,"useWrapMode":false,"wrapToView":true},"firstLineState":0},"timestamp":1543952118343,"hash":"85a7b52a1af1bae35f0a01e6dc92aecdf4cfab70"}