{"filter":false,"title":"jobs.json","tooltip":"/.c9/HCC2/model/jobs.json","undoManager":{"mark":78,"position":78,"stack":[[{"start":{"row":30,"column":0},"end":{"row":36,"column":0},"action":"insert","lines":["    },","    {","        \"name\": \"x\",","        \"id\": 463,","        \"Comment\": \"xx\",","        \"email\": \"xx\"",""],"id":2,"ignore":true}],[{"start":{"row":36,"column":0},"end":{"row":42,"column":0},"action":"insert","lines":["    },","    {","        \"name\": \"x\",","        \"id\": 464,","        \"Comment\": \"x\",","        \"email\": \"x\"",""],"id":3,"ignore":true}],[{"start":{"row":42,"column":0},"end":{"row":48,"column":0},"action":"insert","lines":["    },","    {","        \"name\": \"s\",","        \"id\": 465,","        \"Comment\": \"s\",","        \"email\": \"s\"",""],"id":4,"ignore":true}],[{"start":{"row":48,"column":0},"end":{"row":54,"column":0},"action":"insert","lines":["    },","    {","        \"name\": \"w\",","        \"id\": 466,","        \"Comment\": \"ww\",","        \"email\": \"w\"",""],"id":5,"ignore":true}],[{"start":{"row":2,"column":0},"end":{"row":8,"column":0},"action":"remove","lines":["        \"name\": \"Sinead\",","        \"Comment\": \"Can you please send me a book\",","        \"id\": 2,","        \"email\": \"email me\"","    },","    {",""],"id":6,"ignore":true}],[{"start":{"row":2,"column":0},"end":{"row":8,"column":0},"action":"remove","lines":["        \"name\": \"james\",","        \"id\": 459,","        \"Comment\": \"I need help with ay Garmin watch\",","        \"email\": \"james@stuck.ie\"","    },","    {",""],"id":7,"ignore":true}],[{"start":{"row":2,"column":0},"end":{"row":8,"column":0},"action":"remove","lines":["        \"name\": \"Stephen\",","        \"id\": 460,","        \"Comment\": \"Magic new Id created\",","        \"email\": \"stephen@liamsclass.ie\"","    },","    {",""],"id":8,"ignore":true}],[{"start":{"row":36,"column":0},"end":{"row":42,"column":0},"action":"insert","lines":["    },","    {","        \"name\": \"e\",","        \"id\": 467,","        \"Comment\": \"e\",","        \"email\": \"e\"",""],"id":9,"ignore":true}],[{"start":{"row":5,"column":20},"end":{"row":6,"column":0},"action":"insert","lines":["",""],"id":10},{"start":{"row":6,"column":0},"end":{"row":6,"column":8},"action":"insert","lines":["        "]}],[{"start":{"row":6,"column":8},"end":{"row":6,"column":10},"action":"insert","lines":["\"\""],"id":11}],[{"start":{"row":6,"column":9},"end":{"row":6,"column":10},"action":"insert","lines":["c"],"id":12},{"start":{"row":6,"column":10},"end":{"row":6,"column":11},"action":"insert","lines":["o"]},{"start":{"row":6,"column":11},"end":{"row":6,"column":12},"action":"insert","lines":["n"]},{"start":{"row":6,"column":12},"end":{"row":6,"column":13},"action":"insert","lines":["t"]},{"start":{"row":6,"column":13},"end":{"row":6,"column":14},"action":"insert","lines":["a"]},{"start":{"row":6,"column":14},"end":{"row":6,"column":15},"action":"insert","lines":["c"]},{"start":{"row":6,"column":15},"end":{"row":6,"column":16},"action":"insert","lines":["t"]}],[{"start":{"row":6,"column":17},"end":{"row":6,"column":18},"action":"insert","lines":[":"],"id":13}],[{"start":{"row":5,"column":20},"end":{"row":5,"column":21},"action":"insert","lines":[","],"id":14}],[{"start":{"row":6,"column":18},"end":{"row":6,"column":19},"action":"insert","lines":[" "],"id":15}],[{"start":{"row":6,"column":19},"end":{"row":6,"column":21},"action":"insert","lines":["\"\""],"id":16}],[{"start":{"row":6,"column":20},"end":{"row":6,"column":21},"action":"insert","lines":["0"],"id":17},{"start":{"row":6,"column":21},"end":{"row":6,"column":22},"action":"insert","lines":["8"]},{"start":{"row":6,"column":22},"end":{"row":6,"column":23},"action":"insert","lines":["5"]},{"start":{"row":6,"column":23},"end":{"row":6,"column":24},"action":"insert","lines":["1"]},{"start":{"row":6,"column":24},"end":{"row":6,"column":25},"action":"insert","lines":["3"]},{"start":{"row":6,"column":25},"end":{"row":6,"column":26},"action":"insert","lines":["4"]},{"start":{"row":6,"column":26},"end":{"row":6,"column":27},"action":"insert","lines":["6"]}],[{"start":{"row":6,"column":27},"end":{"row":6,"column":28},"action":"insert","lines":["2"],"id":18},{"start":{"row":6,"column":28},"end":{"row":6,"column":29},"action":"insert","lines":["7"]},{"start":{"row":6,"column":29},"end":{"row":6,"column":30},"action":"insert","lines":["4"]}],[{"start":{"row":13,"column":5},"end":{"row":43,"column":5},"action":"remove","lines":[",","    {","        \"name\": \"x\",","        \"id\": 463,","        \"Comment\": \"xx\",","        \"email\": \"xx\"","    },","    {","        \"name\": \"x\",","        \"id\": 464,","        \"Comment\": \"x\",","        \"email\": \"x\"","    },","    {","        \"name\": \"s\",","        \"id\": 465,","        \"Comment\": \"s\",","        \"email\": \"s\"","    },","    {","        \"name\": \"w\",","        \"id\": 466,","        \"Comment\": \"ww\",","        \"email\": \"w\"","    },","    {","        \"name\": \"e\",","        \"id\": 467,","        \"Comment\": \"e\",","        \"email\": \"e\"","    }"],"id":19}],[{"start":{"row":4,"column":32},"end":{"row":4,"column":33},"action":"remove","lines":["t"],"id":20},{"start":{"row":4,"column":31},"end":{"row":4,"column":32},"action":"remove","lines":["c"]},{"start":{"row":4,"column":30},"end":{"row":4,"column":31},"action":"remove","lines":["u"]},{"start":{"row":4,"column":29},"end":{"row":4,"column":30},"action":"remove","lines":["d"]},{"start":{"row":4,"column":28},"end":{"row":4,"column":29},"action":"remove","lines":["o"]},{"start":{"row":4,"column":27},"end":{"row":4,"column":28},"action":"remove","lines":["r"]},{"start":{"row":4,"column":26},"end":{"row":4,"column":27},"action":"remove","lines":["P"]},{"start":{"row":4,"column":25},"end":{"row":4,"column":26},"action":"remove","lines":[" "]},{"start":{"row":4,"column":24},"end":{"row":4,"column":25},"action":"remove","lines":["t"]},{"start":{"row":4,"column":23},"end":{"row":4,"column":24},"action":"remove","lines":["s"]},{"start":{"row":4,"column":22},"end":{"row":4,"column":23},"action":"remove","lines":["r"]},{"start":{"row":4,"column":21},"end":{"row":4,"column":22},"action":"remove","lines":["i"]},{"start":{"row":4,"column":20},"end":{"row":4,"column":21},"action":"remove","lines":["F"]}],[{"start":{"row":4,"column":20},"end":{"row":4,"column":21},"action":"insert","lines":["W"],"id":21},{"start":{"row":4,"column":21},"end":{"row":4,"column":22},"action":"insert","lines":["e"]},{"start":{"row":4,"column":22},"end":{"row":4,"column":23},"action":"insert","lines":["b"]}],[{"start":{"row":4,"column":23},"end":{"row":4,"column":24},"action":"insert","lines":[" "],"id":22},{"start":{"row":4,"column":24},"end":{"row":4,"column":25},"action":"insert","lines":["A"]},{"start":{"row":4,"column":25},"end":{"row":4,"column":26},"action":"insert","lines":["p"]},{"start":{"row":4,"column":26},"end":{"row":4,"column":27},"action":"insert","lines":["p"]},{"start":{"row":4,"column":27},"end":{"row":4,"column":28},"action":"insert","lines":["l"]},{"start":{"row":4,"column":28},"end":{"row":4,"column":29},"action":"insert","lines":["i"]},{"start":{"row":4,"column":29},"end":{"row":4,"column":30},"action":"insert","lines":["c"]}],[{"start":{"row":4,"column":30},"end":{"row":4,"column":31},"action":"insert","lines":["a"],"id":23},{"start":{"row":4,"column":31},"end":{"row":4,"column":32},"action":"insert","lines":["t"]},{"start":{"row":4,"column":32},"end":{"row":4,"column":33},"action":"insert","lines":["i"]},{"start":{"row":4,"column":33},"end":{"row":4,"column":34},"action":"insert","lines":["o"]},{"start":{"row":4,"column":34},"end":{"row":4,"column":35},"action":"insert","lines":["n"]}],[{"start":{"row":4,"column":35},"end":{"row":4,"column":36},"action":"insert","lines":[" "],"id":24},{"start":{"row":4,"column":36},"end":{"row":4,"column":37},"action":"insert","lines":["T"]},{"start":{"row":4,"column":37},"end":{"row":4,"column":38},"action":"insert","lines":["u"]},{"start":{"row":4,"column":38},"end":{"row":4,"column":39},"action":"insert","lines":["t"]},{"start":{"row":4,"column":39},"end":{"row":4,"column":40},"action":"insert","lines":["o"]},{"start":{"row":4,"column":40},"end":{"row":4,"column":41},"action":"insert","lines":["r"]}],[{"start":{"row":5,"column":18},"end":{"row":5,"column":19},"action":"remove","lines":["5"],"id":25}],[{"start":{"row":5,"column":18},"end":{"row":5,"column":19},"action":"insert","lines":["l"],"id":26},{"start":{"row":5,"column":19},"end":{"row":5,"column":20},"action":"insert","lines":["i"]},{"start":{"row":5,"column":20},"end":{"row":5,"column":21},"action":"insert","lines":["a"]},{"start":{"row":5,"column":21},"end":{"row":5,"column":22},"action":"insert","lines":["m"]},{"start":{"row":5,"column":22},"end":{"row":5,"column":23},"action":"insert","lines":["m"]},{"start":{"row":5,"column":23},"end":{"row":5,"column":24},"action":"insert","lines":["c"]},{"start":{"row":5,"column":24},"end":{"row":5,"column":25},"action":"insert","lines":["c"]}],[{"start":{"row":5,"column":25},"end":{"row":5,"column":26},"action":"insert","lines":["a"],"id":27},{"start":{"row":5,"column":26},"end":{"row":5,"column":27},"action":"insert","lines":["b"]},{"start":{"row":5,"column":27},"end":{"row":5,"column":28},"action":"insert","lines":["e"]},{"start":{"row":5,"column":28},"end":{"row":5,"column":29},"action":"insert","lines":["@"]}],[{"start":{"row":5,"column":29},"end":{"row":5,"column":30},"action":"insert","lines":["p"],"id":28},{"start":{"row":5,"column":30},"end":{"row":5,"column":31},"action":"insert","lines":["u"]},{"start":{"row":5,"column":31},"end":{"row":5,"column":32},"action":"insert","lines":["t"]}],[{"start":{"row":5,"column":31},"end":{"row":5,"column":32},"action":"remove","lines":["t"],"id":29},{"start":{"row":5,"column":30},"end":{"row":5,"column":31},"action":"remove","lines":["u"]},{"start":{"row":5,"column":29},"end":{"row":5,"column":30},"action":"remove","lines":["p"]}],[{"start":{"row":5,"column":29},"end":{"row":5,"column":30},"action":"insert","lines":["o"],"id":30},{"start":{"row":5,"column":30},"end":{"row":5,"column":31},"action":"insert","lines":["u"]},{"start":{"row":5,"column":31},"end":{"row":5,"column":32},"action":"insert","lines":["r"]}],[{"start":{"row":5,"column":31},"end":{"row":5,"column":32},"action":"remove","lines":["r"],"id":31}],[{"start":{"row":5,"column":31},"end":{"row":5,"column":32},"action":"insert","lines":["t"],"id":32},{"start":{"row":5,"column":32},"end":{"row":5,"column":33},"action":"insert","lines":["l"]},{"start":{"row":5,"column":33},"end":{"row":5,"column":34},"action":"insert","lines":["o"]},{"start":{"row":5,"column":34},"end":{"row":5,"column":35},"action":"insert","lines":["o"]},{"start":{"row":5,"column":35},"end":{"row":5,"column":36},"action":"insert","lines":["k"]},{"start":{"row":5,"column":36},"end":{"row":5,"column":37},"action":"insert","lines":["."]},{"start":{"row":5,"column":37},"end":{"row":5,"column":38},"action":"insert","lines":["c"]},{"start":{"row":5,"column":38},"end":{"row":5,"column":39},"action":"insert","lines":["o"]},{"start":{"row":5,"column":39},"end":{"row":5,"column":40},"action":"insert","lines":["m"]}],[{"start":{"row":9,"column":17},"end":{"row":9,"column":18},"action":"remove","lines":["x"],"id":33}],[{"start":{"row":9,"column":17},"end":{"row":9,"column":18},"action":"insert","lines":["S"],"id":34},{"start":{"row":9,"column":18},"end":{"row":9,"column":19},"action":"insert","lines":["a"]},{"start":{"row":9,"column":19},"end":{"row":9,"column":20},"action":"insert","lines":["r"]},{"start":{"row":9,"column":20},"end":{"row":9,"column":21},"action":"insert","lines":["a"]},{"start":{"row":9,"column":21},"end":{"row":9,"column":22},"action":"insert","lines":["h"]}],[{"start":{"row":9,"column":22},"end":{"row":9,"column":23},"action":"insert","lines":[" "],"id":35},{"start":{"row":9,"column":23},"end":{"row":9,"column":24},"action":"insert","lines":["S"]},{"start":{"row":9,"column":24},"end":{"row":9,"column":25},"action":"insert","lines":["m"]},{"start":{"row":9,"column":25},"end":{"row":9,"column":26},"action":"insert","lines":["i"]},{"start":{"row":9,"column":26},"end":{"row":9,"column":27},"action":"insert","lines":["t"]}],[{"start":{"row":9,"column":27},"end":{"row":9,"column":28},"action":"insert","lines":["h"],"id":36}],[{"start":{"row":11,"column":20},"end":{"row":11,"column":21},"action":"remove","lines":["x"],"id":37}],[{"start":{"row":11,"column":20},"end":{"row":11,"column":21},"action":"insert","lines":["L"],"id":38},{"start":{"row":11,"column":21},"end":{"row":11,"column":22},"action":"insert","lines":["a"]},{"start":{"row":11,"column":22},"end":{"row":11,"column":23},"action":"insert","lines":["p"]},{"start":{"row":11,"column":23},"end":{"row":11,"column":24},"action":"insert","lines":["t"]},{"start":{"row":11,"column":24},"end":{"row":11,"column":25},"action":"insert","lines":["o"]}],[{"start":{"row":11,"column":25},"end":{"row":11,"column":26},"action":"insert","lines":["p"],"id":39}],[{"start":{"row":11,"column":26},"end":{"row":11,"column":27},"action":"insert","lines":[" "],"id":40},{"start":{"row":11,"column":27},"end":{"row":11,"column":28},"action":"insert","lines":["f"]},{"start":{"row":11,"column":28},"end":{"row":11,"column":29},"action":"insert","lines":["i"]},{"start":{"row":11,"column":29},"end":{"row":11,"column":30},"action":"insert","lines":["x"]},{"start":{"row":11,"column":30},"end":{"row":11,"column":31},"action":"insert","lines":["e"]},{"start":{"row":11,"column":31},"end":{"row":11,"column":32},"action":"insert","lines":["r"]}],[{"start":{"row":12,"column":18},"end":{"row":12,"column":19},"action":"remove","lines":["x"],"id":41}],[{"start":{"row":12,"column":18},"end":{"row":12,"column":19},"action":"insert","lines":["s"],"id":42},{"start":{"row":12,"column":19},"end":{"row":12,"column":20},"action":"insert","lines":["a"]},{"start":{"row":12,"column":20},"end":{"row":12,"column":21},"action":"insert","lines":["r"]},{"start":{"row":12,"column":21},"end":{"row":12,"column":22},"action":"insert","lines":["a"]},{"start":{"row":12,"column":22},"end":{"row":12,"column":23},"action":"insert","lines":["h"]},{"start":{"row":12,"column":23},"end":{"row":12,"column":24},"action":"insert","lines":["-"]},{"start":{"row":12,"column":24},"end":{"row":12,"column":25},"action":"insert","lines":["s"]},{"start":{"row":12,"column":25},"end":{"row":12,"column":26},"action":"insert","lines":["m"]}],[{"start":{"row":12,"column":26},"end":{"row":12,"column":27},"action":"insert","lines":["i"],"id":43},{"start":{"row":12,"column":27},"end":{"row":12,"column":28},"action":"insert","lines":["t"]},{"start":{"row":12,"column":28},"end":{"row":12,"column":29},"action":"insert","lines":["h"]},{"start":{"row":12,"column":29},"end":{"row":12,"column":30},"action":"insert","lines":["@"]},{"start":{"row":12,"column":30},"end":{"row":12,"column":31},"action":"insert","lines":["y"]},{"start":{"row":12,"column":31},"end":{"row":12,"column":32},"action":"insert","lines":["e"]}],[{"start":{"row":12,"column":31},"end":{"row":12,"column":32},"action":"remove","lines":["e"],"id":44},{"start":{"row":12,"column":30},"end":{"row":12,"column":31},"action":"remove","lines":["y"]}],[{"start":{"row":12,"column":30},"end":{"row":12,"column":31},"action":"insert","lines":["h"],"id":45},{"start":{"row":12,"column":31},"end":{"row":12,"column":32},"action":"insert","lines":["o"]},{"start":{"row":12,"column":32},"end":{"row":12,"column":33},"action":"insert","lines":["t"]},{"start":{"row":12,"column":33},"end":{"row":12,"column":34},"action":"insert","lines":["m"]},{"start":{"row":12,"column":34},"end":{"row":12,"column":35},"action":"insert","lines":["a"]},{"start":{"row":12,"column":35},"end":{"row":12,"column":36},"action":"insert","lines":["i"]},{"start":{"row":12,"column":36},"end":{"row":12,"column":37},"action":"insert","lines":["l"]},{"start":{"row":12,"column":37},"end":{"row":12,"column":38},"action":"insert","lines":["."]},{"start":{"row":12,"column":38},"end":{"row":12,"column":39},"action":"insert","lines":["i"]},{"start":{"row":12,"column":39},"end":{"row":12,"column":40},"action":"insert","lines":["e"]}],[{"start":{"row":6,"column":2},"end":{"row":6,"column":31},"action":"remove","lines":["      \"contact\": \"0851346274\""],"id":46}],[{"start":{"row":5,"column":41},"end":{"row":5,"column":42},"action":"remove","lines":[","],"id":47}],[{"start":{"row":5,"column":41},"end":{"row":6,"column":0},"action":"insert","lines":["",""],"id":48},{"start":{"row":6,"column":0},"end":{"row":6,"column":8},"action":"insert","lines":["        "]}],[{"start":{"row":6,"column":8},"end":{"row":6,"column":10},"action":"insert","lines":["\"\""],"id":49}],[{"start":{"row":6,"column":9},"end":{"row":6,"column":10},"action":"insert","lines":["c"],"id":50},{"start":{"row":6,"column":10},"end":{"row":6,"column":11},"action":"insert","lines":["o"]},{"start":{"row":6,"column":11},"end":{"row":6,"column":12},"action":"insert","lines":["t"]}],[{"start":{"row":6,"column":11},"end":{"row":6,"column":12},"action":"remove","lines":["t"],"id":51}],[{"start":{"row":6,"column":11},"end":{"row":6,"column":12},"action":"insert","lines":["n"],"id":52},{"start":{"row":6,"column":12},"end":{"row":6,"column":13},"action":"insert","lines":["t"]},{"start":{"row":6,"column":13},"end":{"row":6,"column":14},"action":"insert","lines":["a"]},{"start":{"row":6,"column":14},"end":{"row":6,"column":15},"action":"insert","lines":["c"]},{"start":{"row":6,"column":15},"end":{"row":6,"column":16},"action":"insert","lines":["t"]}],[{"start":{"row":6,"column":17},"end":{"row":6,"column":18},"action":"insert","lines":[":"],"id":53}],[{"start":{"row":6,"column":18},"end":{"row":6,"column":19},"action":"insert","lines":[" "],"id":54}],[{"start":{"row":6,"column":19},"end":{"row":6,"column":21},"action":"insert","lines":["\"\""],"id":55}],[{"start":{"row":6,"column":20},"end":{"row":6,"column":21},"action":"insert","lines":["0"],"id":56},{"start":{"row":6,"column":21},"end":{"row":6,"column":22},"action":"insert","lines":["8"]},{"start":{"row":6,"column":22},"end":{"row":6,"column":23},"action":"insert","lines":["5"]},{"start":{"row":6,"column":23},"end":{"row":6,"column":24},"action":"insert","lines":["1"]},{"start":{"row":6,"column":24},"end":{"row":6,"column":25},"action":"insert","lines":["3"]},{"start":{"row":6,"column":25},"end":{"row":6,"column":26},"action":"insert","lines":["4"]},{"start":{"row":6,"column":26},"end":{"row":6,"column":27},"action":"insert","lines":["5"]},{"start":{"row":6,"column":27},"end":{"row":6,"column":28},"action":"insert","lines":["2"]}],[{"start":{"row":6,"column":28},"end":{"row":6,"column":29},"action":"insert","lines":["6"],"id":57},{"start":{"row":6,"column":29},"end":{"row":6,"column":30},"action":"insert","lines":["7"]}],[{"start":{"row":13,"column":41},"end":{"row":14,"column":0},"action":"insert","lines":["",""],"id":58},{"start":{"row":14,"column":0},"end":{"row":14,"column":8},"action":"insert","lines":["        "]}],[{"start":{"row":14,"column":8},"end":{"row":14,"column":10},"action":"insert","lines":["\"\""],"id":59}],[{"start":{"row":14,"column":9},"end":{"row":14,"column":10},"action":"insert","lines":["c"],"id":60},{"start":{"row":14,"column":10},"end":{"row":14,"column":11},"action":"insert","lines":["o"]},{"start":{"row":14,"column":11},"end":{"row":14,"column":12},"action":"insert","lines":["n"]},{"start":{"row":14,"column":12},"end":{"row":14,"column":13},"action":"insert","lines":["t"]},{"start":{"row":14,"column":13},"end":{"row":14,"column":14},"action":"insert","lines":["a"]},{"start":{"row":14,"column":14},"end":{"row":14,"column":15},"action":"insert","lines":["c"]},{"start":{"row":14,"column":15},"end":{"row":14,"column":16},"action":"insert","lines":["t"]}],[{"start":{"row":14,"column":17},"end":{"row":14,"column":18},"action":"insert","lines":[":"],"id":61}],[{"start":{"row":14,"column":18},"end":{"row":14,"column":19},"action":"insert","lines":[" "],"id":62}],[{"start":{"row":14,"column":19},"end":{"row":14,"column":21},"action":"insert","lines":["\"\""],"id":63}],[{"start":{"row":14,"column":20},"end":{"row":14,"column":21},"action":"insert","lines":["3"],"id":64},{"start":{"row":14,"column":21},"end":{"row":14,"column":22},"action":"insert","lines":["6"]},{"start":{"row":14,"column":22},"end":{"row":14,"column":23},"action":"insert","lines":["4"]},{"start":{"row":14,"column":23},"end":{"row":14,"column":24},"action":"insert","lines":["7"]},{"start":{"row":14,"column":24},"end":{"row":14,"column":25},"action":"insert","lines":["2"]},{"start":{"row":14,"column":25},"end":{"row":14,"column":26},"action":"insert","lines":["7"]}],[{"start":{"row":14,"column":25},"end":{"row":14,"column":26},"action":"remove","lines":["7"],"id":65},{"start":{"row":14,"column":24},"end":{"row":14,"column":25},"action":"remove","lines":["2"]},{"start":{"row":14,"column":23},"end":{"row":14,"column":24},"action":"remove","lines":["7"]},{"start":{"row":14,"column":22},"end":{"row":14,"column":23},"action":"remove","lines":["4"]},{"start":{"row":14,"column":21},"end":{"row":14,"column":22},"action":"remove","lines":["6"]},{"start":{"row":14,"column":20},"end":{"row":14,"column":21},"action":"remove","lines":["3"]}],[{"start":{"row":14,"column":20},"end":{"row":14,"column":21},"action":"insert","lines":["0"],"id":66},{"start":{"row":14,"column":21},"end":{"row":14,"column":22},"action":"insert","lines":["8"]},{"start":{"row":14,"column":22},"end":{"row":14,"column":23},"action":"insert","lines":["7"]},{"start":{"row":14,"column":23},"end":{"row":14,"column":24},"action":"insert","lines":["0"]},{"start":{"row":14,"column":24},"end":{"row":14,"column":25},"action":"insert","lines":["5"]},{"start":{"row":14,"column":25},"end":{"row":14,"column":26},"action":"insert","lines":["1"]},{"start":{"row":14,"column":26},"end":{"row":14,"column":27},"action":"insert","lines":["3"]}],[{"start":{"row":14,"column":27},"end":{"row":14,"column":28},"action":"insert","lines":["1"],"id":67},{"start":{"row":14,"column":28},"end":{"row":14,"column":29},"action":"insert","lines":["9"]},{"start":{"row":14,"column":29},"end":{"row":14,"column":30},"action":"insert","lines":["5"]}],[{"start":{"row":5,"column":41},"end":{"row":5,"column":42},"action":"insert","lines":[","],"id":68}],[{"start":{"row":13,"column":41},"end":{"row":13,"column":42},"action":"insert","lines":[","],"id":69}],[{"start":{"row":2,"column":0},"end":{"row":10,"column":0},"action":"remove","lines":["        \"name\": \"Liam\",","        \"id\": 461,","        \"Comment\": \"Web Application Tutor\",","        \"email\": \"liammccabe@outlook.com\",","        \"contact\": \"0851345267\"","  ","    },","    {",""],"id":70,"ignore":true}],[{"start":{"row":0,"column":1},"end":{"row":8,"column":0},"action":"remove","lines":["","    {","        \"name\": \"Sarah Smith\",","        \"id\": 462,","        \"Comment\": \"Laptop fixer\",","        \"email\": \"sarah-smith@hotmail.ie\",","        \"contact\": \"0870513195\"","    }",""],"id":71,"ignore":true}],[{"start":{"row":0,"column":1},"end":{"row":51,"column":1},"action":"insert","lines":["[","    {","        \"name\": \"iMac 27 Late 2013\",","        \"Comment\": \"Great machine in pristine condition with 32GB memory which is the maximum the machine can take. Re-formatted hard drive,wiped the machine too\",","        \"id\": 1,","        \"email\": \"gavinduffy28@gmail.com\",","        \"price\": \"1230\"","    },","    {","        \"name\": \"Microsoft Surface Pro 3\",","        \"id\": 2,","        \"Comment\": \"In great condiction, throughout and works perfectly. Full touchscreen. Intel Core i3 processor and windows 10\",","        \"email\": \"sarah_punch@outlook.com\",","        \"price\": \"450\"","    },","    {","        \"name\": \"Dell XPS 9350 ultrabook with 4k screen\",","        \"id\": 3,","        \"Comment\": \"13 inch 4k touchscreen, 8GB ram, 2x USB type A, Windows 10, 512 GB SSD\",","        \"email\": \"louise-duffy888@gmail.com\",","        \"price\": \"730\"","    },","    {","        \"name\": \"iPhone x 256GB\",","        \"id\": 4,","        \"Comment\": \"Silver Model, 1 month old in perfect condiction\",","        \"email\": \"abbieboyle99@gmail.com\",","        \"price\": \"650\"","    },","    {","        \"name\": \"Bose Quietcontrol 30 Bluetooth Earphones\",","        \"id\": 5,","        \"Comment\": \"They are in ear,noise cancelling bluetooth headphones with a battery that will go all day\",","        \"email\": \"johnmurphy@hotmail.com\",","        \"price\": \"190\"","    },","    {","        \"name\": \"iPad Pro 10.5 inch\",","        \"id\": 6,","        \"Comment\": \"2017 iPad Pro, Gold 256 GB\",","        \"email\": \"orlaithhogan77@gmail.com\",","        \"price\": \"800\"","    },","    {","        \"name\": \"Lenovo Tp w540 I7 2.7ghz \",","        \"id\": 7,","        \"Comment\": \"For sale perfect condition\",","        \"email\": \"ciaraquigley@midget.com\"","    }","    ","    ","]"],"id":72}],[{"start":{"row":51,"column":1},"end":{"row":51,"column":2},"action":"remove","lines":["]"],"id":73}],[{"start":{"row":14,"column":5},"end":{"row":48,"column":5},"action":"remove","lines":[",","    {","        \"name\": \"Dell XPS 9350 ultrabook with 4k screen\",","        \"id\": 3,","        \"Comment\": \"13 inch 4k touchscreen, 8GB ram, 2x USB type A, Windows 10, 512 GB SSD\",","        \"email\": \"louise-duffy888@gmail.com\",","        \"price\": \"730\"","    },","    {","        \"name\": \"iPhone x 256GB\",","        \"id\": 4,","        \"Comment\": \"Silver Model, 1 month old in perfect condiction\",","        \"email\": \"abbieboyle99@gmail.com\",","        \"price\": \"650\"","    },","    {","        \"name\": \"Bose Quietcontrol 30 Bluetooth Earphones\",","        \"id\": 5,","        \"Comment\": \"They are in ear,noise cancelling bluetooth headphones with a battery that will go all day\",","        \"email\": \"johnmurphy@hotmail.com\",","        \"price\": \"190\"","    },","    {","        \"name\": \"iPad Pro 10.5 inch\",","        \"id\": 6,","        \"Comment\": \"2017 iPad Pro, Gold 256 GB\",","        \"email\": \"orlaithhogan77@gmail.com\",","        \"price\": \"800\"","    },","    {","        \"name\": \"Lenovo Tp w540 I7 2.7ghz \",","        \"id\": 7,","        \"Comment\": \"For sale perfect condition\",","        \"email\": \"ciaraquigley@midget.com\"","    }"],"id":74}],[{"start":{"row":0,"column":1},"end":{"row":0,"column":2},"action":"remove","lines":["["],"id":75}],[{"start":{"row":6,"column":13},"end":{"row":6,"column":14},"action":"remove","lines":["e"],"id":76},{"start":{"row":6,"column":12},"end":{"row":6,"column":13},"action":"remove","lines":["c"]},{"start":{"row":6,"column":11},"end":{"row":6,"column":12},"action":"remove","lines":["i"]},{"start":{"row":6,"column":10},"end":{"row":6,"column":11},"action":"remove","lines":["r"]},{"start":{"row":6,"column":9},"end":{"row":6,"column":10},"action":"remove","lines":["p"]}],[{"start":{"row":6,"column":9},"end":{"row":6,"column":10},"action":"insert","lines":["c"],"id":77},{"start":{"row":6,"column":10},"end":{"row":6,"column":11},"action":"insert","lines":["o"]},{"start":{"row":6,"column":11},"end":{"row":6,"column":12},"action":"insert","lines":["n"]},{"start":{"row":6,"column":12},"end":{"row":6,"column":13},"action":"insert","lines":["t"]},{"start":{"row":6,"column":13},"end":{"row":6,"column":14},"action":"insert","lines":["a"]}],[{"start":{"row":6,"column":9},"end":{"row":6,"column":14},"action":"remove","lines":["conta"],"id":78},{"start":{"row":6,"column":9},"end":{"row":6,"column":16},"action":"insert","lines":["contact"]}],[{"start":{"row":13,"column":13},"end":{"row":13,"column":14},"action":"remove","lines":["e"],"id":79},{"start":{"row":13,"column":12},"end":{"row":13,"column":13},"action":"remove","lines":["c"]},{"start":{"row":13,"column":11},"end":{"row":13,"column":12},"action":"remove","lines":["i"]},{"start":{"row":13,"column":10},"end":{"row":13,"column":11},"action":"remove","lines":["r"]},{"start":{"row":13,"column":9},"end":{"row":13,"column":10},"action":"remove","lines":["p"]}],[{"start":{"row":13,"column":9},"end":{"row":13,"column":10},"action":"insert","lines":["c"],"id":80},{"start":{"row":13,"column":10},"end":{"row":13,"column":11},"action":"insert","lines":["o"]},{"start":{"row":13,"column":11},"end":{"row":13,"column":12},"action":"insert","lines":["n"]},{"start":{"row":13,"column":12},"end":{"row":13,"column":13},"action":"insert","lines":["t"]},{"start":{"row":13,"column":13},"end":{"row":13,"column":14},"action":"insert","lines":["a"]},{"start":{"row":13,"column":14},"end":{"row":13,"column":15},"action":"insert","lines":["c"]},{"start":{"row":13,"column":15},"end":{"row":13,"column":16},"action":"insert","lines":["t"]}]]},"ace":{"folds":[],"scrolltop":0,"scrollleft":0,"selection":{"start":{"row":6,"column":25},"end":{"row":6,"column":25},"isBackwards":false},"options":{"guessTabSize":true,"useWrapMode":false,"wrapToView":true},"firstLineState":{"row":1,"state":"start","mode":"ace/mode/json"}},"timestamp":1543953286620,"hash":"00be3ed58a9a0b58b51a576d56e855710eefedf3"}