{"filter":false,"title":"jobs.json","tooltip":"/HCC2/model/jobs.json","undoManager":{"mark":100,"position":100,"stack":[[{"start":{"row":2,"column":28},"end":{"row":2,"column":29},"action":"remove","lines":["t"],"id":13}],[{"start":{"row":2,"column":28},"end":{"row":2,"column":29},"action":"insert","lines":["u"],"id":14},{"start":{"row":2,"column":29},"end":{"row":2,"column":30},"action":"insert","lines":["t"]},{"start":{"row":2,"column":30},"end":{"row":2,"column":31},"action":"insert","lines":["i"]},{"start":{"row":2,"column":31},"end":{"row":2,"column":32},"action":"insert","lines":["v"]},{"start":{"row":2,"column":32},"end":{"row":2,"column":33},"action":"insert","lines":["e"]}],[{"start":{"row":4,"column":28},"end":{"row":4,"column":137},"action":"remove","lines":["In great condiction, throughout and works perfectly. Full touchscreen. Intel Core i3 processor and windows 10"],"id":15}],[{"start":{"row":4,"column":28},"end":{"row":4,"column":29},"action":"insert","lines":["L"],"id":16},{"start":{"row":4,"column":29},"end":{"row":4,"column":30},"action":"insert","lines":["o"]},{"start":{"row":4,"column":30},"end":{"row":4,"column":31},"action":"insert","lines":["o"]},{"start":{"row":4,"column":31},"end":{"row":4,"column":32},"action":"insert","lines":["k"]},{"start":{"row":4,"column":32},"end":{"row":4,"column":33},"action":"insert","lines":["i"]},{"start":{"row":4,"column":33},"end":{"row":4,"column":34},"action":"insert","lines":["n"]},{"start":{"row":4,"column":34},"end":{"row":4,"column":35},"action":"insert","lines":["g"]}],[{"start":{"row":4,"column":35},"end":{"row":4,"column":36},"action":"insert","lines":[" "],"id":17},{"start":{"row":4,"column":36},"end":{"row":4,"column":37},"action":"insert","lines":["f"]},{"start":{"row":4,"column":37},"end":{"row":4,"column":38},"action":"insert","lines":["o"]},{"start":{"row":4,"column":38},"end":{"row":4,"column":39},"action":"insert","lines":["r"]}],[{"start":{"row":4,"column":39},"end":{"row":4,"column":40},"action":"insert","lines":[" "],"id":18},{"start":{"row":4,"column":40},"end":{"row":4,"column":41},"action":"insert","lines":["a"]},{"start":{"row":4,"column":41},"end":{"row":4,"column":42},"action":"insert","lines":["n"]}],[{"start":{"row":4,"column":41},"end":{"row":4,"column":42},"action":"remove","lines":["n"],"id":19}],[{"start":{"row":4,"column":41},"end":{"row":4,"column":42},"action":"insert","lines":[" "],"id":20},{"start":{"row":4,"column":42},"end":{"row":4,"column":43},"action":"insert","lines":["h"]},{"start":{"row":4,"column":43},"end":{"row":4,"column":44},"action":"insert","lines":["i"]},{"start":{"row":4,"column":44},"end":{"row":4,"column":45},"action":"insert","lines":["g"]},{"start":{"row":4,"column":45},"end":{"row":4,"column":46},"action":"insert","lines":["h"]},{"start":{"row":4,"column":46},"end":{"row":4,"column":47},"action":"insert","lines":["l"]},{"start":{"row":4,"column":47},"end":{"row":4,"column":48},"action":"insert","lines":["y"]}],[{"start":{"row":4,"column":48},"end":{"row":4,"column":49},"action":"insert","lines":[" "],"id":21},{"start":{"row":4,"column":49},"end":{"row":4,"column":50},"action":"insert","lines":["e"]},{"start":{"row":4,"column":50},"end":{"row":4,"column":51},"action":"insert","lines":["x"]},{"start":{"row":4,"column":51},"end":{"row":4,"column":52},"action":"insert","lines":["e"]},{"start":{"row":4,"column":52},"end":{"row":4,"column":53},"action":"insert","lines":["p"]},{"start":{"row":4,"column":53},"end":{"row":4,"column":54},"action":"insert","lines":["r"]},{"start":{"row":4,"column":54},"end":{"row":4,"column":55},"action":"insert","lines":["i"]},{"start":{"row":4,"column":55},"end":{"row":4,"column":56},"action":"insert","lines":["e"]},{"start":{"row":4,"column":56},"end":{"row":4,"column":57},"action":"insert","lines":["n"]}],[{"start":{"row":4,"column":57},"end":{"row":4,"column":58},"action":"insert","lines":["c"],"id":22},{"start":{"row":4,"column":58},"end":{"row":4,"column":59},"action":"insert","lines":["e"]},{"start":{"row":4,"column":59},"end":{"row":4,"column":60},"action":"insert","lines":["d"]}],[{"start":{"row":4,"column":60},"end":{"row":4,"column":61},"action":"insert","lines":[" "],"id":23},{"start":{"row":4,"column":61},"end":{"row":4,"column":62},"action":"insert","lines":["c"]},{"start":{"row":4,"column":62},"end":{"row":4,"column":63},"action":"insert","lines":["n"]},{"start":{"row":4,"column":63},"end":{"row":4,"column":64},"action":"insert","lines":["s"]}],[{"start":{"row":4,"column":63},"end":{"row":4,"column":64},"action":"remove","lines":["s"],"id":24},{"start":{"row":4,"column":62},"end":{"row":4,"column":63},"action":"remove","lines":["n"]}],[{"start":{"row":4,"column":62},"end":{"row":4,"column":63},"action":"insert","lines":["a"],"id":25},{"start":{"row":4,"column":63},"end":{"row":4,"column":64},"action":"insert","lines":["n"]},{"start":{"row":4,"column":64},"end":{"row":4,"column":65},"action":"insert","lines":["d"]},{"start":{"row":4,"column":65},"end":{"row":4,"column":66},"action":"insert","lines":["i"]},{"start":{"row":4,"column":66},"end":{"row":4,"column":67},"action":"insert","lines":["d"]},{"start":{"row":4,"column":67},"end":{"row":4,"column":68},"action":"insert","lines":["a"]},{"start":{"row":4,"column":68},"end":{"row":4,"column":69},"action":"insert","lines":["t"]},{"start":{"row":4,"column":69},"end":{"row":4,"column":70},"action":"insert","lines":["e"]}],[{"start":{"row":4,"column":70},"end":{"row":4,"column":71},"action":"insert","lines":[","],"id":26}],[{"start":{"row":4,"column":71},"end":{"row":4,"column":72},"action":"insert","lines":[" "],"id":27},{"start":{"row":4,"column":72},"end":{"row":4,"column":73},"action":"insert","lines":["w"]},{"start":{"row":4,"column":73},"end":{"row":4,"column":74},"action":"insert","lines":["i"]},{"start":{"row":4,"column":74},"end":{"row":4,"column":75},"action":"insert","lines":["t"]},{"start":{"row":4,"column":75},"end":{"row":4,"column":76},"action":"insert","lines":["h"]}],[{"start":{"row":4,"column":76},"end":{"row":4,"column":77},"action":"insert","lines":[" "],"id":28},{"start":{"row":4,"column":77},"end":{"row":4,"column":78},"action":"insert","lines":["5"]},{"start":{"row":4,"column":78},"end":{"row":4,"column":79},"action":"insert","lines":["+"]}],[{"start":{"row":4,"column":79},"end":{"row":4,"column":80},"action":"insert","lines":[" "],"id":29},{"start":{"row":4,"column":80},"end":{"row":4,"column":81},"action":"insert","lines":["y"]},{"start":{"row":4,"column":81},"end":{"row":4,"column":82},"action":"insert","lines":["e"]},{"start":{"row":4,"column":82},"end":{"row":4,"column":83},"action":"insert","lines":["a"]},{"start":{"row":4,"column":83},"end":{"row":4,"column":84},"action":"insert","lines":["r"]},{"start":{"row":4,"column":84},"end":{"row":4,"column":85},"action":"insert","lines":["s"]}],[{"start":{"row":4,"column":85},"end":{"row":4,"column":86},"action":"insert","lines":[" "],"id":30},{"start":{"row":4,"column":86},"end":{"row":4,"column":87},"action":"insert","lines":["e"]},{"start":{"row":4,"column":87},"end":{"row":4,"column":88},"action":"insert","lines":["x"]},{"start":{"row":4,"column":88},"end":{"row":4,"column":89},"action":"insert","lines":["p"]},{"start":{"row":4,"column":89},"end":{"row":4,"column":90},"action":"insert","lines":["e"]},{"start":{"row":4,"column":90},"end":{"row":4,"column":91},"action":"insert","lines":["r"]},{"start":{"row":4,"column":91},"end":{"row":4,"column":92},"action":"insert","lines":["i"]},{"start":{"row":4,"column":92},"end":{"row":4,"column":93},"action":"insert","lines":["e"]},{"start":{"row":4,"column":93},"end":{"row":4,"column":94},"action":"insert","lines":["n"]}],[{"start":{"row":4,"column":94},"end":{"row":4,"column":95},"action":"insert","lines":["c"],"id":31},{"start":{"row":4,"column":95},"end":{"row":4,"column":96},"action":"insert","lines":["e"]}],[{"start":{"row":4,"column":96},"end":{"row":4,"column":97},"action":"insert","lines":[" "],"id":32},{"start":{"row":4,"column":97},"end":{"row":4,"column":98},"action":"insert","lines":["i"]},{"start":{"row":4,"column":98},"end":{"row":4,"column":99},"action":"insert","lines":["n"]}],[{"start":{"row":4,"column":99},"end":{"row":4,"column":100},"action":"insert","lines":[" "],"id":33},{"start":{"row":4,"column":100},"end":{"row":4,"column":101},"action":"insert","lines":["t"]},{"start":{"row":4,"column":101},"end":{"row":4,"column":102},"action":"insert","lines":["h"]},{"start":{"row":4,"column":102},"end":{"row":4,"column":103},"action":"insert","lines":["i"]},{"start":{"row":4,"column":103},"end":{"row":4,"column":104},"action":"insert","lines":["s"]}],[{"start":{"row":4,"column":104},"end":{"row":4,"column":105},"action":"insert","lines":[" "],"id":34},{"start":{"row":4,"column":105},"end":{"row":4,"column":106},"action":"insert","lines":["f"]},{"start":{"row":4,"column":106},"end":{"row":4,"column":107},"action":"insert","lines":["i"]},{"start":{"row":4,"column":107},"end":{"row":4,"column":108},"action":"insert","lines":["e"]},{"start":{"row":4,"column":108},"end":{"row":4,"column":109},"action":"insert","lines":["l"]},{"start":{"row":4,"column":109},"end":{"row":4,"column":110},"action":"insert","lines":["d"]}],[{"start":{"row":4,"column":110},"end":{"row":4,"column":111},"action":"insert","lines":["."],"id":35}],[{"start":{"row":4,"column":111},"end":{"row":4,"column":112},"action":"insert","lines":[" "],"id":36}],[{"start":{"row":4,"column":111},"end":{"row":4,"column":112},"action":"remove","lines":[" "],"id":37}],[{"start":{"row":5,"column":18},"end":{"row":5,"column":41},"action":"remove","lines":["sarah_punch@outlook.com"],"id":38}],[{"start":{"row":5,"column":18},"end":{"row":5,"column":19},"action":"insert","lines":[" "],"id":39},{"start":{"row":5,"column":19},"end":{"row":5,"column":20},"action":"insert","lines":["?"]}],[{"start":{"row":6,"column":20},"end":{"row":6,"column":23},"action":"remove","lines":["450"],"id":40}],[{"start":{"row":6,"column":20},"end":{"row":6,"column":21},"action":"insert","lines":["0"],"id":41},{"start":{"row":6,"column":21},"end":{"row":6,"column":22},"action":"insert","lines":["4"]},{"start":{"row":6,"column":22},"end":{"row":6,"column":23},"action":"insert","lines":["8"]}],[{"start":{"row":6,"column":23},"end":{"row":6,"column":24},"action":"insert","lines":[" "],"id":42},{"start":{"row":6,"column":24},"end":{"row":6,"column":25},"action":"insert","lines":["6"]}],[{"start":{"row":6,"column":25},"end":{"row":6,"column":26},"action":"insert","lines":["3"],"id":43},{"start":{"row":6,"column":26},"end":{"row":6,"column":27},"action":"insert","lines":["5"]},{"start":{"row":6,"column":27},"end":{"row":6,"column":28},"action":"insert","lines":["4"]},{"start":{"row":6,"column":28},"end":{"row":6,"column":29},"action":"insert","lines":["7"]}],[{"start":{"row":6,"column":29},"end":{"row":6,"column":30},"action":"insert","lines":["4"],"id":44},{"start":{"row":6,"column":30},"end":{"row":6,"column":31},"action":"insert","lines":["3"]}],[{"start":{"row":5,"column":19},"end":{"row":5,"column":20},"action":"remove","lines":["?"],"id":45}],[{"start":{"row":5,"column":18},"end":{"row":5,"column":19},"action":"remove","lines":[" "],"id":46}],[{"start":{"row":5,"column":18},"end":{"row":5,"column":19},"action":"insert","lines":["H"],"id":47},{"start":{"row":5,"column":19},"end":{"row":5,"column":20},"action":"insert","lines":["i"]},{"start":{"row":5,"column":20},"end":{"row":5,"column":21},"action":"insert","lines":["r"]},{"start":{"row":5,"column":21},"end":{"row":5,"column":22},"action":"insert","lines":["i"]},{"start":{"row":5,"column":22},"end":{"row":5,"column":23},"action":"insert","lines":["n"]},{"start":{"row":5,"column":23},"end":{"row":5,"column":24},"action":"insert","lines":["g"]}],[{"start":{"row":5,"column":24},"end":{"row":5,"column":25},"action":"insert","lines":["@"],"id":48},{"start":{"row":5,"column":25},"end":{"row":5,"column":26},"action":"insert","lines":["j"]},{"start":{"row":5,"column":26},"end":{"row":5,"column":27},"action":"insert","lines":["o"]},{"start":{"row":5,"column":27},"end":{"row":5,"column":28},"action":"insert","lines":["b"]}],[{"start":{"row":5,"column":28},"end":{"row":5,"column":29},"action":"insert","lines":["."],"id":49},{"start":{"row":5,"column":29},"end":{"row":5,"column":30},"action":"insert","lines":["i"]},{"start":{"row":5,"column":30},"end":{"row":5,"column":31},"action":"insert","lines":["e"]}],[{"start":{"row":10,"column":17},"end":{"row":10,"column":40},"action":"remove","lines":["Microsoft Surface Pro 3"],"id":50},{"start":{"row":10,"column":17},"end":{"row":10,"column":18},"action":"insert","lines":["P"]},{"start":{"row":10,"column":18},"end":{"row":10,"column":19},"action":"insert","lines":["r"]},{"start":{"row":10,"column":19},"end":{"row":10,"column":20},"action":"insert","lines":["o"]},{"start":{"row":10,"column":20},"end":{"row":10,"column":21},"action":"insert","lines":["g"]},{"start":{"row":10,"column":21},"end":{"row":10,"column":22},"action":"insert","lines":["r"]},{"start":{"row":10,"column":22},"end":{"row":10,"column":23},"action":"insert","lines":["a"]},{"start":{"row":10,"column":23},"end":{"row":10,"column":24},"action":"insert","lines":["m"]},{"start":{"row":10,"column":24},"end":{"row":10,"column":25},"action":"insert","lines":["m"]},{"start":{"row":10,"column":25},"end":{"row":10,"column":26},"action":"insert","lines":["i"]},{"start":{"row":10,"column":26},"end":{"row":10,"column":27},"action":"insert","lines":["n"]},{"start":{"row":10,"column":27},"end":{"row":10,"column":28},"action":"insert","lines":["g"]}],[{"start":{"row":10,"column":28},"end":{"row":10,"column":29},"action":"insert","lines":[" "],"id":51},{"start":{"row":10,"column":29},"end":{"row":10,"column":30},"action":"insert","lines":["s"]},{"start":{"row":10,"column":30},"end":{"row":10,"column":31},"action":"insert","lines":["p"]},{"start":{"row":10,"column":31},"end":{"row":10,"column":32},"action":"insert","lines":["e"]},{"start":{"row":10,"column":32},"end":{"row":10,"column":33},"action":"insert","lines":["c"]},{"start":{"row":10,"column":33},"end":{"row":10,"column":34},"action":"insert","lines":["i"]},{"start":{"row":10,"column":34},"end":{"row":10,"column":35},"action":"insert","lines":["a"]},{"start":{"row":10,"column":35},"end":{"row":10,"column":36},"action":"insert","lines":["l"]}],[{"start":{"row":10,"column":36},"end":{"row":10,"column":37},"action":"insert","lines":["i"],"id":52},{"start":{"row":10,"column":37},"end":{"row":10,"column":38},"action":"insert","lines":["s"]},{"start":{"row":10,"column":38},"end":{"row":10,"column":39},"action":"insert","lines":["t"]}],[{"start":{"row":12,"column":20},"end":{"row":12,"column":129},"action":"remove","lines":["In great condiction, throughout and works perfectly. Full touchscreen. Intel Core i3 processor and windows 10"],"id":53}],[{"start":{"row":12,"column":20},"end":{"row":12,"column":21},"action":"insert","lines":["L"],"id":54},{"start":{"row":12,"column":21},"end":{"row":12,"column":22},"action":"insert","lines":["o"]},{"start":{"row":12,"column":22},"end":{"row":12,"column":23},"action":"insert","lines":["o"]},{"start":{"row":12,"column":23},"end":{"row":12,"column":24},"action":"insert","lines":["k"]},{"start":{"row":12,"column":24},"end":{"row":12,"column":25},"action":"insert","lines":["i"]},{"start":{"row":12,"column":25},"end":{"row":12,"column":26},"action":"insert","lines":["n"]},{"start":{"row":12,"column":26},"end":{"row":12,"column":27},"action":"insert","lines":["g"]}],[{"start":{"row":12,"column":27},"end":{"row":12,"column":28},"action":"insert","lines":[" "],"id":55},{"start":{"row":12,"column":28},"end":{"row":12,"column":29},"action":"insert","lines":["t"]},{"start":{"row":12,"column":29},"end":{"row":12,"column":30},"action":"insert","lines":["o"]}],[{"start":{"row":12,"column":30},"end":{"row":12,"column":31},"action":"insert","lines":[" "],"id":56},{"start":{"row":12,"column":31},"end":{"row":12,"column":32},"action":"insert","lines":["h"]},{"start":{"row":12,"column":32},"end":{"row":12,"column":33},"action":"insert","lines":["i"]},{"start":{"row":12,"column":33},"end":{"row":12,"column":34},"action":"insert","lines":["r"]},{"start":{"row":12,"column":34},"end":{"row":12,"column":35},"action":"insert","lines":["e"]}],[{"start":{"row":12,"column":35},"end":{"row":12,"column":36},"action":"insert","lines":[" "],"id":57}],[{"start":{"row":12,"column":35},"end":{"row":12,"column":36},"action":"remove","lines":[" "],"id":58}],[{"start":{"row":12,"column":35},"end":{"row":12,"column":36},"action":"insert","lines":[" "],"id":59},{"start":{"row":12,"column":36},"end":{"row":12,"column":37},"action":"insert","lines":["a"]},{"start":{"row":12,"column":37},"end":{"row":12,"column":38},"action":"insert","lines":["n"]}],[{"start":{"row":12,"column":38},"end":{"row":12,"column":39},"action":"insert","lines":[" "],"id":60},{"start":{"row":12,"column":39},"end":{"row":12,"column":40},"action":"insert","lines":["e"]},{"start":{"row":12,"column":40},"end":{"row":12,"column":41},"action":"insert","lines":["n"]},{"start":{"row":12,"column":41},"end":{"row":12,"column":42},"action":"insert","lines":["t"]},{"start":{"row":12,"column":42},"end":{"row":12,"column":43},"action":"insert","lines":["h"]},{"start":{"row":12,"column":43},"end":{"row":12,"column":44},"action":"insert","lines":["u"]},{"start":{"row":12,"column":44},"end":{"row":12,"column":45},"action":"insert","lines":["s"]},{"start":{"row":12,"column":45},"end":{"row":12,"column":46},"action":"insert","lines":["u"]},{"start":{"row":12,"column":46},"end":{"row":12,"column":47},"action":"insert","lines":["="]}],[{"start":{"row":12,"column":47},"end":{"row":12,"column":48},"action":"insert","lines":["i"],"id":61}],[{"start":{"row":12,"column":47},"end":{"row":12,"column":48},"action":"remove","lines":["i"],"id":62},{"start":{"row":12,"column":46},"end":{"row":12,"column":47},"action":"remove","lines":["="]},{"start":{"row":12,"column":45},"end":{"row":12,"column":46},"action":"remove","lines":["u"]}],[{"start":{"row":12,"column":45},"end":{"row":12,"column":46},"action":"insert","lines":["i"],"id":63},{"start":{"row":12,"column":46},"end":{"row":12,"column":47},"action":"insert","lines":["a"]},{"start":{"row":12,"column":47},"end":{"row":12,"column":48},"action":"insert","lines":["s"]},{"start":{"row":12,"column":48},"end":{"row":12,"column":49},"action":"insert","lines":["t"]},{"start":{"row":12,"column":49},"end":{"row":12,"column":50},"action":"insert","lines":["i"]},{"start":{"row":12,"column":50},"end":{"row":12,"column":51},"action":"insert","lines":["v"]}],[{"start":{"row":12,"column":50},"end":{"row":12,"column":51},"action":"remove","lines":["v"],"id":64}],[{"start":{"row":12,"column":50},"end":{"row":12,"column":51},"action":"insert","lines":["c"],"id":65}],[{"start":{"row":12,"column":51},"end":{"row":12,"column":52},"action":"insert","lines":[" "],"id":66}],[{"start":{"row":12,"column":52},"end":{"row":12,"column":53},"action":"insert","lines":["c"],"id":67},{"start":{"row":12,"column":53},"end":{"row":12,"column":54},"action":"insert","lines":["a"]},{"start":{"row":12,"column":54},"end":{"row":12,"column":55},"action":"insert","lines":["n"]},{"start":{"row":12,"column":55},"end":{"row":12,"column":56},"action":"insert","lines":["d"]},{"start":{"row":12,"column":56},"end":{"row":12,"column":57},"action":"insert","lines":["i"]},{"start":{"row":12,"column":57},"end":{"row":12,"column":58},"action":"insert","lines":["d"]},{"start":{"row":12,"column":58},"end":{"row":12,"column":59},"action":"insert","lines":["a"]},{"start":{"row":12,"column":59},"end":{"row":12,"column":60},"action":"insert","lines":["t"]}],[{"start":{"row":12,"column":60},"end":{"row":12,"column":61},"action":"insert","lines":["e"],"id":68},{"start":{"row":12,"column":61},"end":{"row":12,"column":62},"action":"insert","lines":[","]}],[{"start":{"row":12,"column":62},"end":{"row":12,"column":63},"action":"insert","lines":[" "],"id":69},{"start":{"row":12,"column":63},"end":{"row":12,"column":64},"action":"insert","lines":["w"]},{"start":{"row":12,"column":64},"end":{"row":12,"column":65},"action":"insert","lines":["i"]},{"start":{"row":12,"column":65},"end":{"row":12,"column":66},"action":"insert","lines":["t"]},{"start":{"row":12,"column":66},"end":{"row":12,"column":67},"action":"insert","lines":["h"]}],[{"start":{"row":12,"column":67},"end":{"row":12,"column":68},"action":"insert","lines":[" "],"id":70},{"start":{"row":12,"column":68},"end":{"row":12,"column":69},"action":"insert","lines":["a"]}],[{"start":{"row":12,"column":69},"end":{"row":12,"column":70},"action":"insert","lines":[" "],"id":71},{"start":{"row":12,"column":70},"end":{"row":12,"column":71},"action":"insert","lines":["p"]},{"start":{"row":12,"column":71},"end":{"row":12,"column":72},"action":"insert","lines":["a"]},{"start":{"row":12,"column":72},"end":{"row":12,"column":73},"action":"insert","lines":["s"]},{"start":{"row":12,"column":73},"end":{"row":12,"column":74},"action":"insert","lines":["s"]},{"start":{"row":12,"column":74},"end":{"row":12,"column":75},"action":"insert","lines":["i"]},{"start":{"row":12,"column":75},"end":{"row":12,"column":76},"action":"insert","lines":["o"]},{"start":{"row":12,"column":76},"end":{"row":12,"column":77},"action":"insert","lines":["n"]}],[{"start":{"row":12,"column":77},"end":{"row":12,"column":78},"action":"insert","lines":[" "],"id":72},{"start":{"row":12,"column":78},"end":{"row":12,"column":79},"action":"insert","lines":["f"]},{"start":{"row":12,"column":79},"end":{"row":12,"column":80},"action":"insert","lines":["o"]},{"start":{"row":12,"column":80},"end":{"row":12,"column":81},"action":"insert","lines":["r"]}],[{"start":{"row":12,"column":81},"end":{"row":12,"column":82},"action":"insert","lines":[" "],"id":73},{"start":{"row":12,"column":82},"end":{"row":12,"column":83},"action":"insert","lines":["p"]},{"start":{"row":12,"column":83},"end":{"row":12,"column":84},"action":"insert","lines":["r"]},{"start":{"row":12,"column":84},"end":{"row":12,"column":85},"action":"insert","lines":["o"]},{"start":{"row":12,"column":85},"end":{"row":12,"column":86},"action":"insert","lines":["g"]},{"start":{"row":12,"column":86},"end":{"row":12,"column":87},"action":"insert","lines":["r"]},{"start":{"row":12,"column":87},"end":{"row":12,"column":88},"action":"insert","lines":["a"]},{"start":{"row":12,"column":88},"end":{"row":12,"column":89},"action":"insert","lines":["m"]},{"start":{"row":12,"column":89},"end":{"row":12,"column":90},"action":"insert","lines":["m"]},{"start":{"row":12,"column":90},"end":{"row":12,"column":91},"action":"insert","lines":["i"]},{"start":{"row":12,"column":91},"end":{"row":12,"column":92},"action":"insert","lines":["n"]},{"start":{"row":12,"column":92},"end":{"row":12,"column":93},"action":"insert","lines":["g"]}],[{"start":{"row":12,"column":93},"end":{"row":12,"column":94},"action":"insert","lines":["."],"id":74}],[{"start":{"row":12,"column":94},"end":{"row":12,"column":95},"action":"insert","lines":[" "],"id":75},{"start":{"row":12,"column":95},"end":{"row":12,"column":96},"action":"insert","lines":["M"]},{"start":{"row":12,"column":96},"end":{"row":12,"column":97},"action":"insert","lines":["u"]},{"start":{"row":12,"column":97},"end":{"row":12,"column":98},"action":"insert","lines":["s"]},{"start":{"row":12,"column":98},"end":{"row":12,"column":99},"action":"insert","lines":["t"]}],[{"start":{"row":12,"column":99},"end":{"row":12,"column":100},"action":"insert","lines":[" "],"id":76},{"start":{"row":12,"column":100},"end":{"row":12,"column":101},"action":"insert","lines":["h"]},{"start":{"row":12,"column":101},"end":{"row":12,"column":102},"action":"insert","lines":["a"]},{"start":{"row":12,"column":102},"end":{"row":12,"column":103},"action":"insert","lines":["e"]},{"start":{"row":12,"column":103},"end":{"row":12,"column":104},"action":"insert","lines":["v"]}],[{"start":{"row":12,"column":104},"end":{"row":12,"column":105},"action":"insert","lines":[" "],"id":77},{"start":{"row":12,"column":105},"end":{"row":12,"column":106},"action":"insert","lines":["1"]},{"start":{"row":12,"column":106},"end":{"row":12,"column":107},"action":"insert","lines":["0"]},{"start":{"row":12,"column":107},"end":{"row":12,"column":108},"action":"insert","lines":["+"]}],[{"start":{"row":12,"column":103},"end":{"row":12,"column":104},"action":"remove","lines":["v"],"id":78},{"start":{"row":12,"column":102},"end":{"row":12,"column":103},"action":"remove","lines":["e"]}],[{"start":{"row":12,"column":102},"end":{"row":12,"column":103},"action":"insert","lines":["v"],"id":79},{"start":{"row":12,"column":103},"end":{"row":12,"column":104},"action":"insert","lines":["e"]}],[{"start":{"row":12,"column":108},"end":{"row":12,"column":109},"action":"insert","lines":[" "],"id":80},{"start":{"row":12,"column":109},"end":{"row":12,"column":110},"action":"insert","lines":["y"]},{"start":{"row":12,"column":110},"end":{"row":12,"column":111},"action":"insert","lines":["e"]},{"start":{"row":12,"column":111},"end":{"row":12,"column":112},"action":"insert","lines":["a"]},{"start":{"row":12,"column":112},"end":{"row":12,"column":113},"action":"insert","lines":["r"]},{"start":{"row":12,"column":113},"end":{"row":12,"column":114},"action":"insert","lines":["s"]}],[{"start":{"row":12,"column":114},"end":{"row":12,"column":115},"action":"insert","lines":[" "],"id":81},{"start":{"row":12,"column":115},"end":{"row":12,"column":116},"action":"insert","lines":["e"]},{"start":{"row":12,"column":116},"end":{"row":12,"column":117},"action":"insert","lines":["c"]},{"start":{"row":12,"column":117},"end":{"row":12,"column":118},"action":"insert","lines":["p"]},{"start":{"row":12,"column":118},"end":{"row":12,"column":119},"action":"insert","lines":["e"]},{"start":{"row":12,"column":119},"end":{"row":12,"column":120},"action":"insert","lines":["r"]},{"start":{"row":12,"column":120},"end":{"row":12,"column":121},"action":"insert","lines":["i"]},{"start":{"row":12,"column":121},"end":{"row":12,"column":122},"action":"insert","lines":["e"]},{"start":{"row":12,"column":122},"end":{"row":12,"column":123},"action":"insert","lines":["n"]}],[{"start":{"row":12,"column":123},"end":{"row":12,"column":124},"action":"insert","lines":["c"],"id":82},{"start":{"row":12,"column":124},"end":{"row":12,"column":125},"action":"insert","lines":["e"]}],[{"start":{"row":12,"column":125},"end":{"row":12,"column":126},"action":"insert","lines":[" "],"id":83},{"start":{"row":12,"column":126},"end":{"row":12,"column":127},"action":"insert","lines":["i"]},{"start":{"row":12,"column":127},"end":{"row":12,"column":128},"action":"insert","lines":["n"]}],[{"start":{"row":12,"column":128},"end":{"row":12,"column":129},"action":"insert","lines":[" "],"id":84},{"start":{"row":12,"column":129},"end":{"row":12,"column":130},"action":"insert","lines":["t"]},{"start":{"row":12,"column":130},"end":{"row":12,"column":131},"action":"insert","lines":["h"]},{"start":{"row":12,"column":131},"end":{"row":12,"column":132},"action":"insert","lines":["i"]},{"start":{"row":12,"column":132},"end":{"row":12,"column":133},"action":"insert","lines":["s"]}],[{"start":{"row":12,"column":133},"end":{"row":12,"column":134},"action":"insert","lines":[" "],"id":85},{"start":{"row":12,"column":134},"end":{"row":12,"column":135},"action":"insert","lines":["a"]},{"start":{"row":12,"column":135},"end":{"row":12,"column":136},"action":"insert","lines":["r"]},{"start":{"row":12,"column":136},"end":{"row":12,"column":137},"action":"insert","lines":["e"]},{"start":{"row":12,"column":137},"end":{"row":12,"column":138},"action":"insert","lines":["a"]}],[{"start":{"row":13,"column":18},"end":{"row":13,"column":29},"action":"remove","lines":["sarah_punch"],"id":86},{"start":{"row":13,"column":18},"end":{"row":13,"column":19},"action":"insert","lines":["j"]}],[{"start":{"row":13,"column":18},"end":{"row":13,"column":19},"action":"remove","lines":["j"],"id":87}],[{"start":{"row":13,"column":18},"end":{"row":13,"column":19},"action":"insert","lines":["c"],"id":88},{"start":{"row":13,"column":19},"end":{"row":13,"column":20},"action":"insert","lines":["o"]},{"start":{"row":13,"column":20},"end":{"row":13,"column":21},"action":"insert","lines":["m"]},{"start":{"row":13,"column":21},"end":{"row":13,"column":22},"action":"insert","lines":["p"]},{"start":{"row":13,"column":22},"end":{"row":13,"column":23},"action":"insert","lines":["a"]},{"start":{"row":13,"column":23},"end":{"row":13,"column":24},"action":"insert","lines":["n"]},{"start":{"row":13,"column":24},"end":{"row":13,"column":25},"action":"insert","lines":["y"]}],[{"start":{"row":14,"column":23},"end":{"row":14,"column":24},"action":"insert","lines":[" "],"id":89},{"start":{"row":14,"column":24},"end":{"row":14,"column":25},"action":"insert","lines":["3"]},{"start":{"row":14,"column":25},"end":{"row":14,"column":26},"action":"insert","lines":["6"]},{"start":{"row":14,"column":26},"end":{"row":14,"column":27},"action":"insert","lines":["3"]},{"start":{"row":14,"column":27},"end":{"row":14,"column":28},"action":"insert","lines":["7"]},{"start":{"row":14,"column":28},"end":{"row":14,"column":29},"action":"insert","lines":["4"]},{"start":{"row":14,"column":29},"end":{"row":14,"column":30},"action":"insert","lines":["5"]}],[{"start":{"row":14,"column":30},"end":{"row":14,"column":31},"action":"insert","lines":["8"],"id":90}],[{"start":{"row":16,"column":4},"end":{"row":17,"column":0},"action":"insert","lines":["",""],"id":91},{"start":{"row":17,"column":0},"end":{"row":17,"column":4},"action":"insert","lines":["    "]}],[{"start":{"row":17,"column":4},"end":{"row":23,"column":5},"action":"insert","lines":["{","        \"name\": \"Programming specialist\",","        \"id\": 2,","        \"Comment\": \"Looking to hire an enthusiastic candidate, with a passion for programming. Must have 10+ years ecperience in this area\",","        \"email\": \"company@outlook.com\",","        \"contact\": \"450 3637458\"","    }"],"id":92}],[{"start":{"row":18,"column":17},"end":{"row":18,"column":39},"action":"remove","lines":["Programming specialist"],"id":93}],[{"start":{"row":18,"column":17},"end":{"row":18,"column":18},"action":"insert","lines":["S"],"id":94}],[{"start":{"row":18,"column":17},"end":{"row":18,"column":18},"action":"remove","lines":["S"],"id":95}],[{"start":{"row":18,"column":17},"end":{"row":18,"column":18},"action":"insert","lines":["S"],"id":97},{"start":{"row":18,"column":18},"end":{"row":18,"column":19},"action":"insert","lines":["y"]},{"start":{"row":18,"column":19},"end":{"row":18,"column":20},"action":"insert","lines":["s"]},{"start":{"row":18,"column":20},"end":{"row":18,"column":21},"action":"insert","lines":["t"]},{"start":{"row":18,"column":21},"end":{"row":18,"column":22},"action":"insert","lines":["e"]},{"start":{"row":18,"column":22},"end":{"row":18,"column":23},"action":"insert","lines":["m"]}],[{"start":{"row":18,"column":23},"end":{"row":18,"column":24},"action":"insert","lines":[" "],"id":98},{"start":{"row":18,"column":24},"end":{"row":18,"column":25},"action":"insert","lines":["A"]},{"start":{"row":18,"column":25},"end":{"row":18,"column":26},"action":"insert","lines":["d"]},{"start":{"row":18,"column":26},"end":{"row":18,"column":27},"action":"insert","lines":["m"]},{"start":{"row":18,"column":27},"end":{"row":18,"column":28},"action":"insert","lines":["i"]},{"start":{"row":18,"column":28},"end":{"row":18,"column":29},"action":"insert","lines":["n"]},{"start":{"row":18,"column":29},"end":{"row":18,"column":30},"action":"insert","lines":["i"]}],[{"start":{"row":18,"column":30},"end":{"row":18,"column":31},"action":"insert","lines":["s"],"id":99},{"start":{"row":18,"column":31},"end":{"row":18,"column":32},"action":"insert","lines":["t"]},{"start":{"row":18,"column":32},"end":{"row":18,"column":33},"action":"insert","lines":["r"]},{"start":{"row":18,"column":33},"end":{"row":18,"column":34},"action":"insert","lines":["a"]},{"start":{"row":18,"column":34},"end":{"row":18,"column":35},"action":"insert","lines":["t"]},{"start":{"row":18,"column":35},"end":{"row":18,"column":36},"action":"insert","lines":["o"]},{"start":{"row":18,"column":36},"end":{"row":18,"column":37},"action":"insert","lines":["r"]}],[{"start":{"row":19,"column":14},"end":{"row":19,"column":15},"action":"remove","lines":["2"],"id":100}],[{"start":{"row":19,"column":14},"end":{"row":19,"column":15},"action":"insert","lines":["3"],"id":101}],[{"start":{"row":20,"column":20},"end":{"row":20,"column":138},"action":"remove","lines":["Looking to hire an enthusiastic candidate, with a passion for programming. Must have 10+ years ecperience in this area"],"id":102}],[{"start":{"row":20,"column":20},"end":{"row":20,"column":252},"action":"insert","lines":["My client is looking for a System Administrator to join its IT infrastructure team.  The ideal candidate will have experience deploying / maintaining modern highly available infrastructures, and preferably also have DevOps exposure."],"id":103}],[{"start":{"row":20,"column":209},"end":{"row":20,"column":251},"action":"remove","lines":[", and preferably also have DevOps exposure"],"id":104}],[{"start":{"row":20,"column":20},"end":{"row":20,"column":33},"action":"remove","lines":["My client is "],"id":105}],[{"start":{"row":20,"column":20},"end":{"row":20,"column":21},"action":"remove","lines":["l"],"id":106}],[{"start":{"row":20,"column":20},"end":{"row":20,"column":21},"action":"insert","lines":["L"],"id":107}],[{"start":{"row":21,"column":31},"end":{"row":21,"column":32},"action":"remove","lines":["o"],"id":108},{"start":{"row":21,"column":30},"end":{"row":21,"column":31},"action":"remove","lines":["o"]},{"start":{"row":21,"column":29},"end":{"row":21,"column":30},"action":"remove","lines":["l"]},{"start":{"row":21,"column":28},"end":{"row":21,"column":29},"action":"remove","lines":["t"]},{"start":{"row":21,"column":27},"end":{"row":21,"column":28},"action":"remove","lines":["u"]},{"start":{"row":21,"column":26},"end":{"row":21,"column":27},"action":"remove","lines":["o"]}],[{"start":{"row":21,"column":26},"end":{"row":21,"column":27},"action":"remove","lines":["k"],"id":109}],[{"start":{"row":21,"column":26},"end":{"row":21,"column":27},"action":"insert","lines":["g"],"id":110},{"start":{"row":21,"column":27},"end":{"row":21,"column":28},"action":"insert","lines":["m"]},{"start":{"row":21,"column":28},"end":{"row":21,"column":29},"action":"insert","lines":["a"]},{"start":{"row":21,"column":29},"end":{"row":21,"column":30},"action":"insert","lines":["i"]},{"start":{"row":21,"column":30},"end":{"row":21,"column":31},"action":"insert","lines":["l"]}],[{"start":{"row":21,"column":24},"end":{"row":21,"column":25},"action":"remove","lines":["y"],"id":111},{"start":{"row":21,"column":23},"end":{"row":21,"column":24},"action":"remove","lines":["n"]},{"start":{"row":21,"column":22},"end":{"row":21,"column":23},"action":"remove","lines":["a"]},{"start":{"row":21,"column":21},"end":{"row":21,"column":22},"action":"remove","lines":["p"]},{"start":{"row":21,"column":20},"end":{"row":21,"column":21},"action":"remove","lines":["m"]},{"start":{"row":21,"column":19},"end":{"row":21,"column":20},"action":"remove","lines":["o"]},{"start":{"row":21,"column":18},"end":{"row":21,"column":19},"action":"remove","lines":["c"]}],[{"start":{"row":21,"column":18},"end":{"row":21,"column":19},"action":"insert","lines":["j"],"id":112},{"start":{"row":21,"column":19},"end":{"row":21,"column":20},"action":"insert","lines":["o"]},{"start":{"row":21,"column":20},"end":{"row":21,"column":21},"action":"insert","lines":["b"]},{"start":{"row":21,"column":21},"end":{"row":21,"column":22},"action":"insert","lines":["s"]}],[{"start":{"row":22,"column":26},"end":{"row":22,"column":30},"action":"remove","lines":["3745"],"id":113}],[{"start":{"row":22,"column":26},"end":{"row":22,"column":27},"action":"insert","lines":["8"],"id":114},{"start":{"row":22,"column":27},"end":{"row":22,"column":28},"action":"insert","lines":["4"]},{"start":{"row":22,"column":28},"end":{"row":22,"column":29},"action":"insert","lines":["6"]},{"start":{"row":22,"column":29},"end":{"row":22,"column":30},"action":"insert","lines":["3"]},{"start":{"row":22,"column":30},"end":{"row":22,"column":31},"action":"insert","lines":["7"]}]]},"ace":{"folds":[],"scrolltop":0,"scrollleft":0,"selection":{"start":{"row":10,"column":37},"end":{"row":10,"column":37},"isBackwards":false},"options":{"guessTabSize":true,"useWrapMode":false,"wrapToView":true},"firstLineState":0},"timestamp":1544021860440,"hash":"09d98060318b1c63cffcb5f4010b7b35b422b0c3"}